data;horario;n_da_ocorrencia;tipo_de_ocorrencia;km;trecho;sentido;tipo_de_acidente;automovel;bicicleta;caminhao;moto;onibus;outros;tracao_animal;transporte_de_cargas_especiais;trator_maquinas;utilitarios;ilesos;levemente_feridos;moderadamente_feridos;gravemente_feridos;mortos
"18/06/2021";"06:39:00";"116";"Atropelame";"334";"BR-101/SC";"Sul";"Atropelamento - Morador/Trabalhador/Estudante";0;0;0;2;0;0;0;0;0;0;0;3;0;0;0
"18/06/2021";"07:52:00";"124";"Acidente s";"427";"BR-101/SC";"Norte";"Choque com objeto sobre a pista";3;0;0;0;0;0;0;1;0;0;5;0;0;0;0
"19/06/2021";"02:26:00";"56";"Acidente c";"257";"BR-101/SC";"Norte";"Choque Talude";1;0;0;0;0;0;0;0;0;0;0;1;0;0;1
"19/06/2021";"02:44:00";"62";"Acidente s";"257";"BR-101/SC";"Norte";"Colisão - Traseira";1;0;0;0;0;0;0;0;0;1;2;0;0;0;0
"19/06/2021";"03:49:00";"61";"Acidente c";"317";"BR-101/SC";"Norte";"Choque Barreira";1;0;0;0;0;0;0;0;0;0;1;1;0;0;0
"19/06/2021";"05:51:00";"70";"Acidente s";"287";"BR-101/SC";"Sul";"Choque Barreira";2;0;0;0;0;0;0;0;0;0;2;0;0;0;0
"19/06/2021";"06:00:00";"72";"Acidente s";"323";"BR-101/SC";"Norte";"Saída de pista";1;0;0;0;0;0;0;0;0;0;2;0;0;0;0
"19/06/2021";"07:28:00";"84";"Acidente s";"316";"BR-101/SC";"Norte";"Choque Barreira";1;0;0;0;0;0;0;0;0;0;1;0;0;0;0
"19/06/2021";"11:14:00";"95";"Acidente s";"414";"BR-101/SC";"Sul";"Saída de pista";1;0;0;0;0;0;0;0;0;0;1;0;0;0;0
"20/06/2021";"05:11:00";"10";"Acidente s";"379";"BR-101/SC";"Sul";"Saída de pista";1;0;0;0;0;0;0;0;0;0;1;0;0;0;0
"20/06/2021";"04:06:00";"67";"Acidente c";"287";"BR-101/SC";"Norte";"Colisão - Lateral";1;0;0;0;0;0;0;1;0;0;1;0;0;1;0
"20/06/2021";"06:37:00";"80";"Acidente s";"261";"BR-101/SC";"Norte";"Capotamento";1;0;0;0;0;0;0;0;0;0;1;0;0;0;0
"20/06/2021";"09:03:00";"99";"Acidente c";"331";"BR-101/SC";"Sul";"Colisão - Lateral";2;0;0;0;0;0;0;0;0;0;1;0;1;0;0
"20/06/2021";"09:06:00";"100";"Acidente s";"350.41";"BR-101/SC";"Norte";"Saída de pista";1;0;0;0;0;0;0;0;0;0;1;0;0;0;0
"21/06/2021";"12:32:00";"4";"Acidente s";"347.8";"BR-101/SC";"Norte";"Saída de pista";1;0;0;0;0;0;0;0;0;0;1;0;0;0;0
"21/06/2021";"09:09:00";"45";"Acidente c";"375";"BR-101/SC";"Sul";"Saída de pista";1;0;0;0;0;0;0;0;0;0;0;1;0;0;0
"21/06/2021";"10:51:00";"60";"Acidente s";"273";"BR-101/SC";"Sul";"Choque Defensa";1;0;0;0;0;0;0;0;0;0;3;0;0;0;0
"21/06/2021";"01:36:00";"76";"Acidente s";"323";"BR-101/SC";"Norte";"Colisão - Transversal";2;0;0;0;0;0;0;0;0;0;2;0;0;0;0
"21/06/2021";"06:19:00";"111";"Acidente c";"341";"BR-101/SC";"Sul";"Colisão - Traseira";0;0;0;1;0;0;0;1;0;0;1;0;1;0;0
"22/06/2021";"09:13:00";"42";"Acidente c";"433";"BR-101/SC";"Norte";"Atropelamento de Animal";0;0;0;1;0;0;0;0;0;0;0;1;0;0;0
"22/06/2021";"09:38:00";"46";"Acidente s";"256";"BR-101/SC";"Norte";"Colisão - Lateral";3;0;0;0;0;0;0;0;0;0;4;0;0;0;0
"22/06/2021";"10:14:00";"49";"Acidente s";"444";"BR-101/SC";"Sul";"Colisão - Transversal";2;0;0;0;0;0;0;0;0;0;2;0;0;0;0
"23/06/2021";"12:31:00";"3";"Acidente s";"451";"BR-101/SC";"Norte";"Saída de pista";0;0;0;0;0;0;0;0;0;1;1;0;0;0;0
"23/06/2021";"05:36:00";"13";"Acidente c";"396.5";"BR-101/SC";"Norte";"Colisão - Frontal";0;0;0;2;0;0;0;0;0;0;0;1;1;0;0
"23/06/2021";"07:50:00";"120";"Acidente s";"310";"BR-101/SC";"Sul";"Choque - Meio Fio";1;0;0;0;0;0;0;0;0;0;1;0;0;0;0
"23/06/2021";"07:56:00";"121";"Acidente s";"366";"BR-101/SC";"Norte";"Colisão - Traseira";0;0;0;0;0;0;0;1;0;1;2;0;0;0;0
"24/06/2021";"04:14:00";"16";"Acidente s";"458";"BR-101/SC";"Sul";"Choque Praça - Submarino";1;0;0;0;0;0;0;0;0;0;1;0;0;0;0
"24/06/2021";"08:03:00";"41";"Acidente s";"390";"BR-101/SC";"Sul";"Choque Barreira";1;0;0;0;0;0;0;0;0;1;2;0;0;0;0
"24/06/2021";"12:28:00";"85";"Acidente c";"336";"BR-101/SC";"Sul";"Colisão - Traseira";1;0;0;1;0;0;0;0;0;0;1;0;1;0;0
"24/06/2021";"03:45:00";"109";"Acidente c";"350";"BR-101/SC";"Sul";"Saída de pista";0;0;0;1;0;0;0;0;0;0;0;1;0;0;0
"24/06/2021";"04:26:00";"115";"Atropelame";"272";"BR-101/SC";"Norte";"Atropelamento - Morador/Trabalhador/Estudante";0;0;0;0;0;0;0;0;0;1;2;0;0;0;1
"24/06/2021";"07:06:00";"134";"Acidente s";"361";"BR-101/SC";"Sul";"Saída de pista";1;0;0;0;0;0;0;0;0;0;1;0;0;0;0
"25/06/2021";"12:46:00";"72";"Acidente s";"306";"BR-101/SC";"Norte";"Colisão - Frontal";0;0;0;0;0;0;0;0;0;2;2;0;0;0;0
"25/06/2021";"12:52:00";"74";"Acidente c";"416";"BR-101/SC";"Sul";"Colisão - Frontal";1;0;0;1;0;0;0;0;0;0;0;0;2;0;0
"25/06/2021";"03:27:00";"95";"Acidente s";"386";"BR-101/SC";"Sul";"Saída de pista";0;0;0;0;0;0;0;0;0;1;1;0;0;0;0
"25/06/2021";"10:47:00";"141";"Acidente s";"384";"BR-101/SC";"Sul";"Saída de pista";1;0;0;0;0;0;0;0;0;0;1;0;0;0;0
"26/06/2021";"01:12:00";"2";"Acidente c";"308";"BR-101/SC";"Sul";"Colisão - Lateral";2;0;0;0;0;0;0;0;0;0;2;1;0;0;0
"26/06/2021";"02:29:00";"5";"Acidente s";"374";"BR-101/SC";"Norte";"Choque Defensa";1;0;0;0;0;0;0;0;0;0;1;0;0;0;0
"26/06/2021";"10:33:00";"35";"Acidente c";"255";"BR-101/SC";"Norte";"Saída de pista";1;0;0;0;0;0;0;0;0;0;0;1;0;0;0
"26/06/2021";"11:41:00";"42";"Acidente s";"369";"BR-101/SC";"Norte";"Choque Barreira";1;0;0;0;0;0;0;0;0;0;1;0;0;0;0
"26/06/2021";"12:05:00";"44";"Acidente c";"276";"BR-101/SC";"Norte";"Colisão - Transversal";4;0;0;0;0;0;0;0;0;0;4;1;0;0;0
"26/06/2021";"12:52:00";"52";"Acidente c";"323";"BR-101/SC";"Norte";"Colisão - Traseira";1;0;0;0;0;0;0;0;0;1;1;1;0;0;0
"26/06/2021";"01:18:00";"56";"Acidente s";"457";"BR-101/SC";"Sul";"Outros";1;0;0;0;0;0;0;0;0;0;1;0;0;0;0
"26/06/2021";"02:50:00";"70";"Acidente c";"281";"BR-101/SC";"Sul";"Capotamento";1;0;0;0;0;1;0;0;0;0;1;3;0;0;1
"26/06/2021";"03:08:00";"75";"Acidente s";"344";"BR-101/SC";"Norte";"Colisão - Lateral";1;0;0;0;0;0;0;0;0;1;3;0;0;0;0
"27/06/2021";"01:37:00";"4";"Acidente s";"378.8";"BR-101/SC";"Sul";"Saída de pista";1;0;0;0;0;0;0;0;0;0;3;0;0;0;0
"27/06/2021";"01:48:00";"5";"Acidente s";"407";"BR-101/SC";"Norte";"Saída de pista";1;0;0;0;0;0;0;0;0;0;2;0;0;0;0
"27/06/2021";"03:39:00";"9";"Atropelame";"338";"BR-101/SC";"Sul";"Atropelamento - Morador/Trabalhador/Estudante";1;0;0;0;0;0;0;0;0;0;2;0;0;0;1
"27/06/2021";"05:49:00";"12";"Acidente c";"290";"BR-101/SC";"Sul";"Colisão - Lateral";1;0;0;1;0;0;0;0;0;0;2;1;0;0;0
"27/06/2021";"07:42:00";"19";"Acidente c";"377";"BR-101/SC";"Sul";"Capotamento";1;0;0;0;0;0;0;0;0;0;2;2;1;0;0
"27/06/2021";"11:07:00";"47";"Acidente s";"385";"BR-101/SC";"Sul";"Capotamento";1;0;0;0;0;0;0;0;0;0;2;0;0;0;0
"27/06/2021";"03:49:00";"76";"Acidente s";"453";"BR-101/SC";"Norte";"Capotamento";1;0;0;0;0;0;0;0;0;0;2;0;0;0;0
"27/06/2021";"04:45:00";"78";"Acidente s";"335";"BR-101/SC";"Sul";"Colisão - Lateral";1;0;0;0;0;0;0;1;0;0;5;0;0;0;0
"27/06/2021";"07:03:00";"88";"Acidente s";"463";"BR-101/SC";"Norte";"Saída de pista";1;0;0;0;0;0;0;0;0;0;2;0;0;0;0
"27/06/2021";"07:45:00";"94";"Acidente s";"375";"BR-101/SC";"Ambos";"Saída de pista";1;0;0;0;0;0;0;0;0;0;2;0;0;0;0
"27/06/2021";"09:35:00";"107";"Acidente s";"378";"BR-101/SC";"Sul";"Saída de pista";1;0;0;0;0;0;0;0;0;0;2;0;0;0;0
"27/06/2021";"11:31:00";"116";"Acidente c";"419";"BR-101/SC";"Sul";"Saída de pista";1;0;0;0;0;0;0;0;0;0;2;1;0;0;0
"28/06/2021";"12:13:00";"2";"Acidente s";"336";"BR-101/SC";"Sul";"Choque Barreira";0;0;0;0;1;0;0;0;0;0;1;0;0;0;0
"28/06/2021";"01:36:00";"8";"Acidente s";"373";"BR-101/SC";"Ambos";"Saída de pista";1;0;0;0;0;0;0;0;0;0;4;0;0;0;0
"28/06/2021";"05:15:00";"13";"Acidente s";"426";"BR-101/SC";"Sul";"Saída de pista";1;0;0;0;0;0;0;0;0;0;4;0;0;0;0
"28/06/2021";"07:48:00";"24";"Acidente s";"385";"BR-101/SC";"Norte";"Saída de pista";2;0;0;0;0;0;0;0;0;0;2;0;0;0;0
"28/06/2021";"09:28:00";"42";"Acidente s";"331";"BR-101/SC";"Sul";"Colisão - Lateral";1;0;0;0;0;0;0;0;0;1;2;0;0;0;0
"28/06/2021";"12:46:00";"72";"Acidente s";"374.5";"BR-101/SC";"Norte";"Capotamento";1;0;0;0;0;0;0;0;0;0;1;0;0;0;0
"28/06/2021";"01:39:00";"79";"Acidente s";"337";"BR-101/SC";"Norte";"Colisão - Lateral";2;0;0;0;0;0;0;0;0;0;2;0;0;0;0
"28/06/2021";"06:53:00";"117";"Acidente s";"337";"BR-101/SC";"Norte";"Colisão - Traseira";2;0;0;0;0;0;0;0;0;0;2;0;0;0;0
"28/06/2021";"07:23:00";"120";"Acidente s";"452";"BR-101/SC";"Sul";"Saída de pista";0;0;0;1;0;0;0;0;0;0;2;0;0;0;0
"28/06/2021";"08:30:00";"127";"Acidente s";"332";"BR-101/SC";"Norte";"Queda de Carga";2;0;0;0;0;0;0;1;0;0;5;0;0;0;0
"28/06/2021";"10:21:00";"135";"Acidente s";"257";"BR-101/SC";"Norte";"Colisão - Lateral";0;0;0;0;0;0;0;0;0;1;2;0;0;0;0
"28/06/2021";"11:32:00";"138";"Acidente s";"437.7";"BR-101/SC";"Sul";"Colisão - Traseira";2;0;0;0;0;0;0;0;0;0;3;0;0;0;0
"29/06/2021";"04:05:00";"6";"Acidente s";"296.8";"BR-101/SC";"Norte";"Atropelamento de Animal";0;0;0;0;0;0;0;0;0;1;1;0;0;0;0
"29/06/2021";"10:51:00";"58";"Acidente c";"437";"BR-101/SC";"Norte";"Colisão - Transversal";2;0;0;0;0;0;0;0;0;0;1;1;0;0;0
"29/06/2021";"11:42:00";"151";"Acidente s";"259";"BR-101/SC";"Norte";"Saída de pista";0;0;0;0;0;0;0;0;0;1;1;0;0;0;0
"30/06/2021";"01:58:00";"3";"Acidente s";"372";"BR-101/SC";"Norte";"Tombamento";0;0;1;0;0;0;0;0;0;0;1;0;0;0;0
"30/06/2021";"08:34:00";"41";"Acidente s";"407";"BR-101/SC";"Ambos";"Saída de pista";1;0;0;0;0;0;0;0;0;0;1;0;0;0;0
"30/06/2021";"09:55:00";"52";"Acidente s";"324";"BR-101/SC";"Norte";"Colisão - Transversal";1;0;0;0;0;0;0;0;0;1;2;0;0;0;0
"30/06/2021";"12:04:00";"65";"Acidente c";"424";"BR-101/SC";"Norte";"Colisão - Lateral";2;0;0;0;0;0;0;0;0;0;1;1;0;0;0
"30/06/2021";"03:12:00";"88";"Acidente s";"331";"BR-101/SC";"Norte";"Colisão - Transversal";1;0;0;0;0;0;0;0;0;1;2;0;0;0;0
"01/07/2021";"02:10:00";"13";"Acidente s";"372";"BR-101/SC";"Sul";"Saída de pista";1;0;0;0;0;0;0;0;0;0;1;0;0;0;0
"01/07/2021";"07:28:00";"28";"Acidente s";"401";"BR-101/SC";"Sul";"Colisão - Lateral";1;0;0;0;0;0;0;0;0;1;3;0;0;0;0
"01/07/2021";"10:19:00";"61";"Acidente c";"288";"BR-101/SC";"Norte";"Colisão - Transversal";0;0;0;1;0;0;0;0;0;1;1;0;1;0;0
"01/07/2021";"02:07:00";"88";"Acidente c";"344";"BR-101/SC";"Norte";"Colisão - Lateral";1;0;0;1;0;0;0;0;0;0;1;2;0;0;0
"01/07/2021";"03:32:00";"95";"Acidente c";"328";"BR-101/SC";"Sul";"Colisão - Traseira";1;0;0;1;0;0;0;0;0;0;1;0;1;0;0
"01/07/2021";"09:50:00";"123";"Acidente s";"281";"BR-101/SC";"Sul";"Colisão - Lateral";1;0;0;0;0;0;0;0;0;1;2;0;0;0;0
"01/07/2021";"09:59:00";"125";"Acidente s";"337";"BR-101/SC";"Sul";"Colisão - Traseira";1;0;0;0;0;0;0;1;0;0;4;0;0;0;0
"02/07/2021";"02:24:00";"8";"Acidente s";"327";"BR-101/SC";"Norte";"Colisão - Lateral";1;0;0;0;0;0;0;0;0;1;3;0;0;0;0
"02/07/2021";"07:35:00";"28";"Acidente s";"304";"BR-101/SC";"Norte";"Capotamento";1;0;0;0;0;0;0;0;0;1;4;0;0;0;0
"02/07/2021";"01:39:00";"82";"Acidente s";"281";"BR-101/SC";"Norte";"Saída de pista";1;0;0;0;0;0;0;0;0;0;1;0;0;0;0
"02/07/2021";"01:40:00";"83";"Acidente c";"436";"BR-101/SC";"Ambos";"Colisão - Lateral";1;0;0;1;0;0;0;0;0;0;1;1;0;0;0
"02/07/2021";"07:26:00";"118";"Acidente s";"305";"BR-101/SC";"Sul";"Saída de pista";1;0;0;0;0;0;0;0;0;0;1;0;0;0;0
"02/07/2021";"10:50:00";"127";"Acidente c";"432";"BR-101/SC";"Sul";"Capotamento";2;0;0;0;0;0;0;0;0;0;1;0;2;0;0
"03/07/2021";"02:30:00";"12";"Acidente s";"442";"BR-101/SC";"Norte";;1;0;0;0;0;0;0;0;0;0;1;0;0;0;0
"03/07/2021";"03:23:00";"16";"Acidente s";"389";"BR-101/SC";"Sul";"Capotamento";1;0;0;0;0;0;0;0;0;0;2;0;0;0;0
"03/07/2021";"06:08:00";"116";"Atropelame";"358";"BR-101/SC";"Norte";"Atropelamento - Morador/Trabalhador/Estudante";0;0;0;2;0;0;0;0;0;0;2;0;0;0;0
"03/07/2021";"06:26:00";"118";"Acidente s";"282";"BR-101/SC";"Sul";"Outros";1;0;0;0;0;0;0;0;0;0;1;0;0;0;0
"03/07/2021";"07:51:00";"126";"Acidente s";"359";"BR-101/SC";"Sul";"Saída de pista";1;0;0;0;0;0;0;0;0;0;4;0;0;0;0
"03/07/2021";"08:19:00";"128";"Atropelame";"417";"BR-101/SC";"Sul";"Atropelamento - Usuário";1;0;0;0;0;0;0;0;0;0;1;0;0;1;0
"04/07/2021";"01:34:00";"5";"Acidente c";"328";"BR-101/SC";"Norte";"Colisão - Traseira";1;0;0;1;0;0;0;0;0;0;1;1;0;0;0
"04/07/2021";"04:15:00";"11";"Acidente s";"334";"BR-101/SC";"Sul";"Saída de pista";1;0;0;0;0;0;0;0;0;0;2;0;0;0;0
"04/07/2021";"05:44:00";"14";"Acidente c";"372";"BR-101/SC";"Norte";"Saída de pista";1;0;0;0;0;0;0;0;0;0;0;1;0;0;0
"04/07/2021";"06:14:00";"15";"Acidente s";"378";"BR-101/SC";"Sul";"Saída de pista";2;0;0;0;0;0;0;0;0;0;5;0;0;0;0
"04/07/2021";"07:05:00";"23";"Acidente s";"369";"BR-101/SC";"Norte";"Saída de pista";1;0;0;0;0;0;0;0;0;0;1;0;0;0;0
"04/07/2021";"09:38:00";"44";"Acidente s";"443";"BR-101/SC";"Sul";"Colisão - Traseira";2;0;0;0;0;0;0;0;0;0;4;0;0;0;0
"04/07/2021";"09:47:00";"117";"Acidente c";"401";"BR-101/SC";"Norte";"Colisão - Frontal";1;0;0;1;0;0;0;0;0;0;2;0;1;0;0
"05/07/2021";"05:18:00";"25";"Acidente s";"321";"BR-101/SC";"Sul";"Saída de pista";0;0;0;0;0;0;0;0;0;1;1;0;0;0;0
"05/07/2021";"02:07:00";"93";"Acidente s";"334";"BR-101/SC";"Norte";"Colisão - Traseira";2;0;0;0;0;0;0;0;0;0;2;0;0;0;0
"06/07/2021";"03:41:00";"13";"Acidente c";"441";"BR-101/SC";"Sul";;0;0;2;0;0;0;0;0;0;0;0;2;0;0;0
"06/07/2021";"06:13:00";"20";"Acidente s";"262";"BR-101/SC";"Norte";"Atropelamento de Animal";1;0;0;0;0;0;0;0;0;0;1;0;0;0;0
"06/07/2021";"03:56:00";"81";"Acidente s";"327";"BR-101/SC";"Sul";"Colisão - Traseira";1;0;0;0;0;0;0;0;0;1;2;0;0;0;0
"06/07/2021";"07:04:00";"101";"Acidente c";"306";"BR-101/SC";"Sul";"Colisão - Traseira";1;0;0;1;0;0;0;0;0;0;1;0;1;0;0
"06/07/2021";"09:49:00";"112";"Acidente c";"405";"BR-101/SC";"Norte";"Colisão - Traseira";2;0;0;0;0;0;0;0;0;0;1;1;1;0;0
"07/07/2021";"05:06:00";"121";"Acidente c";"359";"BR-101/SC";"Sul";"Colisão - Frontal";1;0;0;1;0;0;0;0;0;0;1;2;0;0;0
"07/07/2021";"06:24:00";"129";"Atropelame";"309";"BR-101/SC";"Norte";"Atropelamento - Andarilho";1;0;0;1;0;0;0;0;0;0;1;0;1;0;0
"07/07/2021";"06:39:00";"133";"Atropelame";"333";"BR-101/SC";"Sul";"Atropelamento - Andarilho";0;0;0;0;0;0;0;0;0;1;1;0;0;0;1
"08/07/2021";"12:22:00";"2";"Acidente s";"394";"BR-101/SC";"Norte";"Saída de pista";1;0;0;0;0;0;0;0;0;0;3;0;0;0;0
"08/07/2021";"09:29:00";"133";"Acidente s";"360";"BR-101/SC";"Sul";"Saída de pista";1;0;0;0;0;0;0;0;0;0;1;0;0;0;0
"08/07/2021";"10:31:00";"142";"Acidente s";"415";"BR-101/SC";"Norte";"Saída de pista";1;0;0;0;0;0;0;0;0;0;1;0;0;0;0
"09/07/2021";"03:06:00";"13";"Acidente s";"267";"BR-101/SC";"Sul";"Saída de pista";1;0;0;0;0;0;0;0;0;0;1;0;0;0;0
"09/07/2021";"09:26:00";"61";"Acidente s";"364";"BR-101/SC";"Norte";"Saída de pista";1;0;0;0;0;0;0;0;0;0;1;0;0;0;0
"09/07/2021";"10:31:00";"67";"Acidente s";"297";"BR-101/SC";"Sul";"Colisão - Traseira";0;0;0;0;0;0;0;0;0;2;2;0;0;0;0
"10/07/2021";"02:04:00";"7";"Acidente s";"305";"BR-101/SC";"Sul";"Colisão - Traseira";1;0;0;0;0;0;0;0;0;3;4;0;0;0;0
"10/07/2021";"04:22:00";"14";"Acidente s";"269";"BR-101/SC";"Sul";"Colisão - Lateral";1;0;1;0;0;0;0;0;0;0;3;0;0;0;0
"10/07/2021";"09:22:00";"47";"Acidente c";"365";"BR-101/SC";"Sul";"Capotamento";1;0;0;0;0;0;0;0;0;0;0;0;0;0;2
"10/07/2021";"10:34:00";"54";"Acidente s";"334";"BR-101/SC";"Sul";"Colisão - Traseira";3;0;0;0;0;0;0;0;0;0;3;0;0;0;0
"10/07/2021";"09:31:00";"124";"Acidente c";"330";"BR-101/SC";"Norte";"Colisão - Traseira";0;0;0;1;0;0;0;0;0;0;1;0;1;0;0
"11/07/2021";"01:20:00";"7";"Acidente s";"393";"BR-101/SC";"Sul";"Capotamento";1;0;0;0;0;0;0;0;0;0;1;0;0;0;0
"11/07/2021";"02:41:00";"12";"Acidente s";"365";"BR-101/SC";"Norte";"Saída de pista";0;0;0;0;0;0;0;1;0;0;1;0;0;0;0
"11/07/2021";"11:34:00";"50";"Acidente c";"406";"BR-101/SC";"Norte";"Saída de pista";1;0;0;0;0;0;0;0;0;0;0;1;0;0;0
"11/07/2021";"12:02:00";"51";"Acidente c";"409";"BR-101/SC";"Sul";"Queda de moto";0;0;0;1;0;0;0;0;0;0;1;1;0;0;0
"11/07/2021";"03:56:00";"72";"Acidente s";"314";"BR-101/SC";"Sul";"Engavetamento";10;0;0;0;0;0;0;0;0;0;26;0;0;0;0
"11/07/2021";"04:00:00";"73";"Acidente c";"314";"BR-101/SC";"Norte";"Colisão - Traseira";2;0;0;0;0;0;0;0;0;0;3;1;0;0;0
"11/07/2021";"06:16:00";"88";"Acidente s";"325";"BR-101/SC";"Sul";"Colisão - Traseira";2;0;0;0;0;0;0;0;0;0;4;0;0;0;0
"11/07/2021";"08:37:00";"104";"Acidente c";"411";"BR-101/SC";"Sul";"Choque - Poste";1;0;0;0;0;0;0;0;0;0;0;0;1;0;0
"12/07/2021";"02:08:00";"80";"Acidente s";"269";"BR-101/SC";"Norte";"Colisão - Traseira";1;0;0;0;0;0;0;1;0;0;4;0;0;0;0
"13/07/2021";"12:31:00";"67";"Acidente s";"325";"BR-101/SC";"Sul";"Colisão - Lateral";1;0;0;0;0;1;0;0;0;0;2;0;0;0;0
"13/07/2021";"01:27:00";"73";"Acidente s";"255";"BR-101/SC";"Sul";"Saída de pista";0;0;0;0;0;0;0;0;0;1;1;0;0;0;0
"13/07/2021";"02:33:00";"83";"Acidente s";"354";"BR-101/SC";"Norte";"Colisão - Traseira";2;0;0;0;0;0;0;0;0;0;3;0;0;0;0
"13/07/2021";"05:30:00";"99";"Acidente s";"436";"BR-101/SC";"Norte";"Colisão - Traseira";0;0;0;1;0;0;0;0;0;1;2;0;0;0;0
"13/07/2021";"06:42:00";"105";"Acidente c";"431";"BR-101/SC";"Sul";"Colisão - Lateral";1;0;0;1;0;0;0;0;0;0;1;0;2;0;0
"14/07/2021";"04:10:00";"9";"Acidente c";"268";"BR-101/SC";"Norte";"Tombamento";0;0;0;0;0;0;0;1;0;0;0;0;1;0;0
"14/07/2021";"08:05:00";"32";"Acidente s";"335";"BR-101/SC";"Sul";"Colisão - Transversal";2;0;0;0;0;0;0;0;0;0;2;0;0;0;0
"14/07/2021";"10:00:00";"58";"Acidente c";"352";"BR-101/SC";"Sul";"Queda de moto";0;0;0;1;0;0;0;0;0;0;0;1;0;0;0
"14/07/2021";"02:28:00";"85";"Acidente s";"312";"BR-101/SC";"Norte";"Colisão - Traseira";2;0;0;0;0;0;0;0;0;0;3;0;0;0;0
"14/07/2021";"03:12:00";"89";"Acidente c";"430";"BR-101/SC";"Norte";"Colisão - Traseira";1;0;0;1;0;0;0;0;0;0;1;2;0;0;0
"14/07/2021";"06:42:00";"118";"Acidente c";"293";"BR-101/SC";"Norte";"Queda de moto";1;0;0;1;0;0;0;0;0;0;1;0;0;1;0
"15/07/2021";"10:58:00";"73";"Acidente s";"418";"BR-101/SC";"Sul";"Colisão - Transversal";2;0;0;0;0;0;0;0;0;0;3;0;0;0;0
"15/07/2021";"12:12:00";"82";"Acidente s";"355";"BR-101/SC";"Sul";"Colisão - Frontal";1;0;0;0;0;0;0;1;0;0;2;0;0;0;0
"15/07/2021";"01:40:00";"90";"Acidente s";"333";"BR-101/SC";"Sul";"Colisão - Traseira";2;0;0;0;0;0;0;0;0;0;2;0;0;0;0
"15/07/2021";"02:27:00";"96";"Acidente s";"333";"BR-101/SC";"Sul";"Colisão - Lateral";1;0;0;0;0;0;0;0;0;1;2;0;0;0;0
"15/07/2021";"03:43:00";"107";"Atropelame";"458";"BR-101/SC";"Sul";"Atropelamento - Funcionário";1;0;0;0;0;0;0;0;0;0;2;0;0;0;0
"15/07/2021";"07:09:00";"127";"Acidente s";"415";"BR-101/SC";"Norte";"Saída de pista";1;0;0;0;0;0;0;0;0;0;1;0;0;0;0
"15/07/2021";"10:37:00";"143";"Acidente s";"464";"BR-101/SC";"Norte";"Saída de pista";1;0;0;0;0;0;0;0;0;0;2;0;0;0;0
"16/07/2021";"12:22:00";"1";"Acidente s";"334";"BR-101/SC";"Sul";"Saída de pista";1;0;0;0;0;0;0;0;0;0;2;0;0;0;0
"16/07/2021";"01:15:00";"79";"Acidente c";"419";"BR-101/SC";"Norte";"Colisão - Transversal";1;0;0;1;0;0;0;0;0;0;1;1;0;0;0
"16/07/2021";"02:37:00";"92";"Acidente s";"350";"BR-101/SC";"Norte";"Saída de pista";1;0;0;0;0;0;0;0;0;0;1;0;0;0;0
"16/07/2021";"04:33:00";"101";"Acidente s";"246";"BR-101/SC";"Norte";"Choque Defensa";1;0;0;0;0;0;0;0;0;1;3;0;0;0;0
"17/07/2021";"12:20:00";"3";"Acidente s";"360";"BR-101/SC";"Sul";"Choque Barreira";1;0;0;0;0;0;0;0;0;0;2;0;0;0;0
"17/07/2021";"12:56:00";"7";"Acidente s";"281";"BR-101/SC";"Norte";"Saída de pista";0;0;0;0;0;0;0;0;0;1;1;0;0;0;0
"17/07/2021";"02:10:00";"12";"Acidente c";"251";"BR-101/SC";"Norte";"Saída de pista";1;0;0;0;0;0;0;0;0;0;3;2;0;0;0
"17/07/2021";"04:20:00";"19";"Acidente c";"461";"BR-101/SC";"Norte";"Saída de pista";1;0;0;0;0;0;0;0;0;0;0;1;0;0;0
"17/07/2021";"05:21:00";"21";"Acidente s";"264";"BR-101/SC";"Norte";"Saída de pista";1;0;0;0;0;0;0;0;0;0;1;0;0;0;0
"17/07/2021";"11:01:00";"71";"Acidente s";"400";"BR-101/SC";"Sul";"Colisão - Lateral";1;0;0;0;0;0;0;0;0;1;2;0;0;0;0
"17/07/2021";"11:14:00";"72";"Acidente s";"341";"BR-101/SC";"Norte";"Colisão - Lateral";2;0;0;0;0;0;0;0;0;0;3;0;0;0;0
"17/07/2021";"11:43:00";"80";"Acidente c";"325";"BR-101/SC";"Norte";"Colisão - Traseira";2;0;0;0;0;0;0;0;0;1;3;1;0;0;0
"17/07/2021";"05:26:00";"114";"Acidente s";"344";"BR-101/SC";"Sul";"Colisão - Traseira";2;0;0;0;0;0;0;0;0;0;4;0;0;0;0
"17/07/2021";"08:06:00";"126";"Acidente c";"271";"BR-101/SC";"Norte";"Choque Barreira";1;0;0;0;0;0;0;0;0;0;0;1;0;0;0
"18/07/2021";"07:01:00";"95";"Acidente s";"321";"BR-101/SC";"Sul";"Colisão - Lateral";1;0;0;1;0;0;0;0;0;0;2;0;0;0;0
"18/07/2021";"08:19:00";"105";"Acidente s";"411";"BR-101/SC";"Norte";"Colisão - Lateral";1;0;0;0;0;0;0;0;0;0;5;0;0;0;0
"19/07/2021";"04:00:00";"9";"Acidente s";"349";"BR-101/SC";"Norte";"Saída de pista";0;0;0;0;0;0;0;1;0;0;1;0;0;0;0
"19/07/2021";"08:05:00";"28";"Acidente c";"440";"BR-101/SC";"Sul";"Colisão - Traseira";1;0;0;1;0;0;0;0;0;0;2;1;0;0;0
"19/07/2021";"02:38:00";"87";"Acidente s";"350";"BR-101/SC";"Norte";"Colisão - Traseira";1;0;0;0;0;0;0;0;0;1;3;0;0;0;0