data;horario;n_da_ocorrencia;tipo_de_ocorrencia;km;trecho;sentido;tipo_de_acidente;automovel;bicicleta;caminhao;moto;onibus;outros;tracao_animal;transporte_de_cargas_especiais;trator_maquinas;utilitarios;ilesos;levemente_feridos;moderadamente_feridos;gravemente_feridos;mortos
"19/07/2021";"05:10:00";"107";"Acidente s";"363";"BR-101/SC";"Sul";;0;0;0;0;0;0;0;0;0;1;3;0;0;0;0
"20/07/2021";"06:53:00";"22";"Acidente c";"280";"BR-101/SC";"Sul";"Queda de moto";0;0;0;1;0;0;0;0;0;0;0;1;0;0;0
"21/07/2021";"09:44:00";"49";"Acidente s";"335";"BR-101/SC";"Sul";"Colisão - Traseira";1;0;0;0;0;0;0;0;0;1;2;0;0;0;0
"22/07/2021";"06:35:00";"101";"Acidente s";"326";"BR-101/SC";"Sul";"Saída de pista";1;0;0;0;0;0;0;0;0;0;3;0;0;0;0
"23/07/2021";"12:49:00";"85";"Acidente c";"410";"BR-101/SC";"Norte";"Tombamento";0;0;0;0;0;0;0;1;0;0;0;0;1;0;0
"23/07/2021";"02:15:00";"98";"Acidente s";"364";"BR-101/SC";"Norte";"Choque com objeto sobre a pista";2;0;0;0;0;0;0;0;0;0;2;0;0;0;0
"23/07/2021";"02:49:00";"102";"Acidente s";"260";"BR-101/SC";"Norte";"Colisão - Lateral";1;0;0;0;0;0;0;0;0;1;3;0;0;0;0
"23/07/2021";"04:39:00";"113";"Acidente c";"338";"BR-101/SC";"Sul";"Capotamento";2;0;0;0;0;0;0;0;0;0;0;5;1;0;0
"23/07/2021";"06:38:00";"129";"Acidente c";"325";"BR-101/SC";"Norte";"Saída de pista";1;0;0;0;0;0;0;0;0;0;1;1;0;0;0
"23/07/2021";"06:39:00";"130";"Acidente s";"339";"BR-101/SC";"Norte";"Colisão - Frontal";0;0;0;2;0;0;0;0;0;0;0;2;0;0;0
"23/07/2021";"10:08:00";"157";"Acidente s";"435";"BR-101/SC";"Ambos";"Colisão - Lateral";1;0;1;0;0;0;0;0;0;0;3;0;0;0;0
"23/07/2021";"11:08:00";"166";"Acidente s";"464";"BR-101/SC";"Norte";"Saída de pista";1;0;0;0;0;0;0;0;0;0;4;0;0;0;0
"24/07/2021";"08:28:00";"24";"Acidente s";"334";"BR-101/SC";"Sul";"Colisão - Lateral";2;0;0;0;0;0;0;0;0;0;4;0;0;0;0
"24/07/2021";"03:00:00";"83";"Acidente s";"286";"BR-101/SC";"Norte";"Saída de pista";1;0;0;0;0;0;0;0;0;0;1;0;0;0;0
"24/07/2021";"07:28:00";"103";"Acidente c";"330";"BR-101/SC";"Sul";"Saída de pista";1;0;0;0;0;0;0;0;0;0;2;1;0;0;0
"24/07/2021";"11:03:00";"120";"Acidente c";"290";"BR-101/SC";"Sul";"Colisão - Traseira";2;0;0;0;0;0;0;0;0;0;3;3;0;0;0
"24/07/2021";"11:11:00";"122";"Acidente c";"331";"BR-101/SC";"Sul";"Saída de pista";1;0;0;0;0;0;0;0;0;0;1;3;0;0;0
"25/07/2021";"03:51:00";"9";"Acidente s";"321";"BR-101/SC";"Norte";"Colisão - Lateral";1;0;0;0;0;0;0;0;0;0;1;0;0;0;0
"25/07/2021";"04:17:00";"12";"Acidente s";"381";"BR-101/SC";"Norte";"Saída de pista";1;0;0;0;0;0;0;0;0;0;1;0;0;0;0
"25/07/2021";"08:09:00";"26";"Acidente c";"322";"BR-101/SC";"Norte";"Capotamento";1;0;0;0;0;0;0;0;0;0;0;0;1;0;0
"25/07/2021";"03:57:00";"78";"Acidente s";"321";"BR-101/SC";"Sul";"Colisão - Traseira";2;0;0;0;0;0;0;0;0;0;6;0;0;0;0
"25/07/2021";"08:38:00";"121";"Acidente s";"306";"BR-101/SC";"Sul";"Saída de pista";1;0;0;0;0;0;0;0;0;0;1;0;0;0;0
"25/07/2021";"08:52:00";"123";"Acidente c";"346";"BR-101/SC";"Sul";"Colisão - Traseira";1;0;0;1;0;0;0;0;0;0;2;2;0;0;0
"25/07/2021";"09:28:00";"128";"Acidente s";"415";"BR-101/SC";"Sul";"Choque Defensa";1;0;0;0;0;0;0;0;0;0;1;0;0;0;0
"26/07/2021";"12:27:00";"2";"Acidente s";"426";"BR-101/SC";"Sul";"Colisão - Traseira";1;0;0;0;0;0;0;1;0;0;3;0;0;0;0
"26/07/2021";"12:16:00";"75";"Acidente c";"336";"BR-101/SC";"Norte";"Colisão - Lateral";0;0;0;2;0;0;0;0;0;0;0;2;0;0;0
"26/07/2021";"05:00:00";"106";"Acidente s";"319";"BR-101/SC";"Norte";"Colisão - Lateral";2;0;0;0;0;0;0;0;0;0;2;0;0;0;0
"26/07/2021";"05:01:00";"107";"Acidente c";"367";"BR-101/SC";"Ambos";"Capotamento";1;0;0;0;0;0;0;0;0;0;1;0;1;0;0
"27/07/2021";"12:12:00";"62";"Acidente c";"425";"BR-101/SC";"Norte";"Queda de moto";0;0;0;1;0;0;0;0;0;0;0;1;0;0;0
"27/07/2021";"02:13:00";"73";"Acidente s";"331";"BR-101/SC";"Sul";"Choque Barreira";1;0;0;0;0;0;0;0;0;0;4;0;0;0;0
"28/07/2021";"02:04:00";"9";"Acidente s";"293";"BR-101/SC";"Sul";"Colisão - Traseira";1;0;0;0;0;0;0;0;0;1;3;0;0;0;0
"28/07/2021";"07:10:00";"27";"Acidente s";"245";"BR-101/SC";"Sul";"Capotamento";1;0;0;0;0;0;0;0;0;0;1;0;0;0;0
"28/07/2021";"08:02:00";"43";"Acidente s";"437";"BR-101/SC";"Sul";"Outros";1;0;0;0;0;0;0;1;0;0;2;0;0;0;0
"28/07/2021";"08:09:00";"46";"Acidente c";"428";"BR-101/SC";"Norte";"Colisão - Transversal";1;0;0;1;0;0;0;0;0;0;1;0;1;0;0
"28/07/2021";"08:15:00";"47";"Acidente c";"382";"BR-101/SC";"Sul";"Colisão - Traseira";1;0;1;0;0;0;0;0;0;0;1;1;0;0;0
"28/07/2021";"08:12:00";"147";"Acidente s";"269";"BR-101/SC";"Sul";"Colisão - Lateral";1;0;0;0;0;0;0;1;0;0;2;0;0;0;0
"29/07/2021";"04:16:00";"101";"Acidente s";"434";"BR-101/SC";"Norte";"Saída de pista";1;0;0;0;0;0;0;0;0;0;3;0;0;0;0
"29/07/2021";"07:11:00";"123";"Acidente c";"345";"BR-101/SC";"Sul";"Capotamento";2;0;0;0;0;0;0;0;0;0;2;1;0;0;0
"30/07/2021";"10:12:00";"76";"Acidente s";"267";"BR-101/SC";"Sul";"Capotamento";1;0;0;0;0;0;0;0;0;0;2;0;0;0;0
"30/07/2021";"07:51:00";"136";"Acidente s";"339";"BR-101/SC";"Sul";"Queda de moto";0;0;0;1;0;0;0;0;0;0;1;0;0;0;0
"30/07/2021";"08:58:00";"144";"Acidente c";"414";"BR-101/SC";"Norte";"Colisão - Frontal";1;0;0;1;0;0;0;0;0;0;1;0;1;0;0
"31/07/2021";"02:34:00";"8";"Acidente s";"405";"BR-101/SC";"Sul";"Colisão - Traseira";2;0;0;0;0;0;0;0;0;0;2;0;0;0;0
"31/07/2021";"04:27:00";"12";"Acidente s";"437";"BR-101/SC";"Sul";"Saída de pista";1;0;0;0;0;0;0;0;0;0;1;0;0;0;0
"31/07/2021";"08:47:00";"29";"Acidente s";"344.5";"BR-101/SC";"Norte";"Colisão - Lateral";1;0;0;0;0;0;0;0;0;1;3;0;0;0;0
"31/07/2021";"11:18:00";"51";"Acidente s";"396";"BR-101/SC";"Sul";"Colisão - Traseira";2;0;0;0;0;0;0;0;0;0;6;0;0;0;0
"31/07/2021";"03:13:00";"82";"Acidente c";"289";"BR-101/SC";"Norte";"Colisão - Traseira";0;0;0;2;0;0;0;0;0;0;0;1;1;0;1
"31/07/2021";"05:11:00";"102";"Acidente s";"385";"BR-101/SC";"Sul";"Saída de pista";1;0;0;0;0;0;0;0;0;0;4;0;0;0;0
"31/07/2021";"05:24:00";"104";"Acidente c";"399";"BR-101/SC";"Norte";"Colisão - Transversal";1;0;0;1;0;0;0;0;0;0;1;0;1;0;0
"31/07/2021";"05:52:00";"109";"Acidente c";"333";"BR-101/SC";"Sul";"Colisão - Traseira";1;0;0;0;0;0;0;0;0;1;2;1;0;0;0
"31/07/2021";"07:33:00";"116";"Acidente c";"450";"BR-101/SC";"Sul";"Colisão - Traseira";2;0;0;0;0;0;0;0;0;0;3;1;0;0;0
"31/07/2021";"10:17:00";"130";"Acidente s";"273";"BR-101/SC";"Norte";"Saída de pista";1;0;0;0;0;0;0;0;0;0;2;0;0;0;0
"01/08/2021";"06:11:00";"18";"Acidente s";"390";"BR-101/SC";"Sul";"Atropelamento de Animal";0;0;0;0;0;0;0;0;0;1;1;0;0;0;0
"01/08/2021";"11:14:00";"51";"Acidente c";"374";"BR-101/SC";"Norte";"Capotamento";1;0;0;0;0;0;0;0;0;0;0;1;0;0;0
"01/08/2021";"03:07:00";"65";"Acidente s";"356";"BR-101/SC";"Sul";"Colisão - Lateral";1;0;0;0;0;0;0;0;0;1;5;0;0;0;0
"01/08/2021";"04:57:00";"75";"Acidente s";"308";"BR-101/SC";"Sul";"Outros";1;0;0;0;0;0;0;0;0;1;2;0;0;0;0
"01/08/2021";"08:41:00";"94";"Acidente s";"364.58";"BR-101/SC";"Sul";"Outros";1;0;0;0;0;0;0;0;0;0;1;0;0;0;0
"02/08/2021";"01:49:00";"2";"Acidente c";"337.5";"BR-101/SC";"Norte";"Colisão - Traseira";1;0;0;0;0;0;0;1;0;0;3;0;1;0;0
"02/08/2021";"07:55:00";"32";"Acidente s";"341";"BR-101/SC";"Norte";"Choque Barreira";1;0;0;0;0;0;0;0;0;0;2;0;0;0;0
"02/08/2021";"09:23:00";"133";"Acidente s";"331";"BR-101/SC";"Sul";"Colisão - Lateral";1;0;0;1;0;0;0;0;0;0;2;0;0;0;0
"02/08/2021";"10:01:00";"135";"Acidente c";"277";"BR-101/SC";"Sul";"Choque Barreira";1;0;0;0;0;0;0;0;0;0;2;1;0;0;0
"02/08/2021";"11:02:00";"140";"Acidente s";"276";"BR-101/SC";"Sul";"Capotamento";1;0;0;0;0;0;0;0;0;0;2;0;0;0;0
"03/08/2021";"10:51:00";"71";"Acidente s";"335";"BR-101/SC";"Sul";"Colisão - Traseira";2;0;0;0;0;0;0;0;0;0;4;0;0;0;0
"03/08/2021";"12:40:00";"82";"Acidente c";"361";"BR-101/SC";"Norte";"Colisão - Traseira";1;0;0;1;0;0;0;0;0;0;1;1;0;0;0
"03/08/2021";"05:25:00";"116";"Acidente s";"349";"BR-101/SC";"Norte";"Saída de pista";0;0;0;0;0;0;0;1;0;0;1;0;0;0;0
"03/08/2021";"07:08:00";"123";"Acidente s";"352.2";"BR-101/SC";"Norte";"Colisão - Traseira";0;0;0;0;0;0;0;2;0;0;2;0;0;0;0
"03/08/2021";"11:40:00";"136";"Acidente s";"464";"BR-101/SC";"Norte";"Saída de pista";1;0;0;0;0;0;0;0;0;0;4;0;0;0;0
"04/08/2021";"12:59:00";"100";"Acidente s";"282";"BR-101/SC";"Norte";"Saída de pista";1;0;0;0;0;0;0;0;0;0;3;0;0;0;0
"04/08/2021";"01:37:00";"105";"Acidente s";"272";"BR-101/SC";"Norte";"Saída de pista";1;0;0;0;0;0;0;0;0;0;1;0;0;0;0
"04/08/2021";"04:10:00";"130";"Acidente c";"277";"BR-101/SC";"Norte";"Colisão - Transversal";1;0;0;1;0;0;0;0;0;0;1;0;1;0;0
"04/08/2021";"10:05:00";"164";"Acidente c";"282";"BR-101/SC";"Sul";"Colisão - Lateral";1;0;0;1;0;0;0;0;0;0;1;1;0;0;0
"05/08/2021";"12:19:00";"5";"Acidente s";"360";"BR-101/SC";"Sul";"Saída de pista";1;0;0;0;0;0;0;0;0;0;1;0;0;0;0
"05/08/2021";"04:55:00";"18";"Acidente s";"311";"BR-101/SC";"Norte";"Capotamento";1;0;0;0;0;0;0;0;0;0;2;0;0;0;0
"05/08/2021";"05:10:00";"19";"Acidente s";"311";"BR-101/SC";"Norte";"Colisão - Lateral";1;0;1;0;0;0;0;0;0;0;3;0;0;0;0
"05/08/2021";"07:53:00";"36";"Acidente s";"358";"BR-101/SC";"Sul";"Saída de pista";1;0;0;0;0;0;0;0;0;0;1;0;0;0;0
"05/08/2021";"09:41:00";"57";"Acidente s";"257";"BR-101/SC";"Norte";"Saída de pista";1;0;0;0;0;0;0;0;0;0;2;0;0;0;0
"05/08/2021";"03:04:00";"99";"Acidente s";"311";"BR-101/SC";"Sul";"Queda de moto";0;0;0;1;0;0;0;0;0;0;1;0;0;0;0
"06/08/2021";"04:39:00";"17";"Acidente c";"342";"BR-101/SC";"Sul";"Colisão - Lateral";2;0;0;0;0;0;0;0;0;0;0;2;0;0;0
"06/08/2021";"04:52:00";"19";"Acidente s";"303";"BR-101/SC";"Sul";"Saída de pista";1;0;0;0;0;0;0;0;0;0;1;0;0;0;0
"06/08/2021";"06:50:00";"26";"Acidente s";"424";"BR-101/SC";"Sul";"Saída de pista";0;0;0;0;0;0;0;1;0;0;1;0;0;0;0
"06/08/2021";"10:56:00";"76";"Acidente s";"336";"BR-101/SC";"Sul";"Queda de moto";1;0;0;1;0;0;0;0;0;0;2;0;0;0;0
"06/08/2021";"02:37:00";"124";"Acidente c";"353";"BR-101/SC";"Norte";"Colisão - Lateral";0;0;0;1;0;0;0;0;0;1;1;2;0;0;0
"06/08/2021";"03:24:00";"130";"Acidente s";"298";"BR-101/SC";"Sul";"Colisão - Lateral";1;0;0;0;0;0;0;0;0;1;2;0;0;0;0
"06/08/2021";"06:00:00";"151";"Acidente c";"330";"BR-101/SC";"Norte";"Queda de moto";0;0;0;1;0;0;0;0;0;0;0;1;0;0;0
"06/08/2021";"06:16:00";"152";"Acidente c";"331";"BR-101/SC";"Norte";"Colisão - Traseira";2;0;0;0;0;0;0;0;0;0;3;1;0;0;0
"06/08/2021";"06:35:00";"156";"Acidente s";"329";"BR-101/SC";"Norte";"Engavetamento";5;0;0;0;0;0;0;0;0;0;5;0;0;0;0
"06/08/2021";"09:03:00";"179";"Acidente s";"333";"BR-101/SC";"Norte";"Colisão - Lateral";2;0;0;0;0;0;0;0;0;0;2;0;0;0;0
"06/08/2021";"09:20:00";"182";"Acidente c";"333";"BR-101/SC";"Norte";"Colisão - Traseira";0;0;0;1;0;0;0;0;0;1;1;1;0;0;0
"06/08/2021";"10:44:00";"190";"Acidente s";"272";"BR-101/SC";"Sul";"Tombamento";0;0;0;0;0;0;0;0;0;1;2;0;0;0;0
"06/08/2021";"11:58:00";"196";"Acidente s";"250";"BR-101/SC";"Sul";"Colisão - Traseira";1;0;0;0;0;0;0;1;0;0;2;0;0;0;0
"07/08/2021";"01:41:00";"6";"Acidente s";"389";"BR-101/SC";"Sul";"Saída de pista";1;0;0;0;0;0;0;0;0;0;1;0;0;0;0
"07/08/2021";"02:57:00";"17";"Acidente s";"368";"BR-101/SC";"Sul";"Saída de pista";1;0;0;0;0;0;0;0;0;0;2;0;0;0;0
"07/08/2021";"07:59:00";"41";"Acidente s";"331";"BR-101/SC";"Norte";"Colisão - Lateral";4;0;0;0;0;0;0;0;0;0;3;0;0;0;0
"07/08/2021";"09:41:00";"53";"Acidente s";"280";"BR-101/SC";"Sul";"Colisão - Lateral";0;0;0;0;0;0;0;0;0;2;2;0;0;0;0
"07/08/2021";"10:02:00";"55";"Acidente c";"453";"BR-101/SC";"Norte";"Saída de pista";1;0;0;0;0;0;0;0;0;0;2;0;1;0;0
"07/08/2021";"10:33:00";"57";"Acidente s";"280.31";"BR-101/SC";"Sul";"Colisão - Lateral";1;0;0;0;0;0;0;1;0;0;5;0;0;0;0
"07/08/2021";"02:25:00";"75";"Acidente c";"335.8";"BR-101/SC";"Norte";"Tombamento";0;0;0;0;0;0;0;1;0;0;1;1;0;0;0
"07/08/2021";"02:38:00";"76";"Acidente s";"438";"BR-101/SC";"Sul";"Choque Barreira";1;0;0;0;0;0;0;0;0;0;1;0;0;0;0
"07/08/2021";"04:44:00";"92";"Acidente s";"280";"BR-101/SC";"Sul";"Colisão - Traseira";2;0;0;0;0;0;0;0;0;0;2;0;0;0;0
"07/08/2021";"04:54:00";"93";"Acidente s";"379";"BR-101/SC";"Sul";"Colisão - Traseira";1;0;1;0;0;0;0;0;0;0;5;0;0;0;0
"07/08/2021";"07:18:00";"103";"Acidente c";"319";"BR-101/SC";"Norte";"Colisão - Lateral";1;0;0;1;0;0;0;0;0;0;1;0;1;0;0
"07/08/2021";"07:22:00";"104";"Acidente s";"273";"BR-101/SC";"Norte";"Choque com objeto sobre a pista";1;0;0;0;0;0;0;0;0;0;3;0;0;0;0
"07/08/2021";"09:54:00";"120";"Acidente s";"324";"BR-101/SC";"Sul";"Saída de pista";1;0;0;0;0;0;0;0;0;0;1;0;0;0;0
"08/08/2021";"01:54:00";"6";"Acidente c";"434";"BR-101/SC";"Sul";"Colisão - Traseira";2;0;0;0;0;0;0;0;0;0;2;0;1;0;0
"08/08/2021";"02:26:00";"8";"Acidente c";"397";"BR-101/SC";"Sul";"Colisão - Traseira";1;0;1;0;0;0;0;0;0;0;2;0;1;0;0
"08/08/2021";"11:07:00";"48";"Acidente c";"392";"BR-101/SC";"Ambos";"Queda de moto";0;0;0;1;0;0;0;0;0;0;1;1;0;0;0
"08/08/2021";"01:50:00";"61";"Atropelame";"302";"BR-101/SC";"Norte";"Atropelamento - Suicida";0;0;1;0;0;0;0;0;0;0;1;0;0;0;1
"08/08/2021";"06:21:00";"89";"Acidente s";"344";"BR-101/SC";"Norte";"Saída de pista";1;0;0;0;0;0;0;0;0;0;1;0;0;0;0
"08/08/2021";"07:58:00";"104";"Acidente s";"463";"BR-101/SC";"Sul";"Colisão - Traseira";2;0;0;0;0;0;0;0;0;0;7;0;0;0;0
"08/08/2021";"08:00:00";"105";"Acidente s";"394";"BR-101/SC";"Sul";"Colisão - Frontal";2;0;0;0;0;0;0;0;0;0;2;0;0;0;0
"08/08/2021";"09:15:00";"113";"Acidente s";"435";"BR-101/SC";"Sul";"Colisão - Lateral";2;0;0;0;0;0;0;0;0;0;2;0;0;0;0
"09/08/2021";"09:31:00";"58";"Acidente c";"368";"BR-101/SC";"Norte";"Capotamento";1;0;0;0;0;0;0;0;0;1;1;1;0;0;0
"09/08/2021";"11:53:00";"85";"Acidente s";"281";"BR-101/SC";"Sul";"Capotamento";1;0;0;0;0;0;0;0;0;0;1;0;0;0;0
"09/08/2021";"06:02:00";"138";"Acidente s";"327";"BR-101/SC";"Sul";"Colisão - Transversal";2;0;0;0;0;0;0;0;0;0;2;0;0;0;0
"09/08/2021";"10:14:00";"164";"Acidente s";"331";"BR-101/SC";"Sul";"Colisão - Traseira";1;0;0;0;0;0;0;0;0;1;9;0;0;0;0
"10/08/2021";"05:58:00";"15";"Acidente s";"347";"BR-101/SC";"Sul";"Capotamento";1;0;0;0;0;0;0;0;0;0;2;0;0;0;0
"10/08/2021";"04:00:00";"158";"Acidente s";"405";"BR-101/SC";"Norte";"Saída de pista";1;0;0;0;0;0;0;0;0;0;1;0;0;0;0
"10/08/2021";"05:57:00";"171";"Acidente c";"323";"BR-101/SC";"Norte";;1;0;0;0;0;0;0;0;0;1;1;1;0;0;0
"10/08/2021";"06:25:00";"174";"Acidente c";"304";"BR-101/SC";"Sul";"Tombamento";2;0;0;1;0;0;0;0;0;0;2;2;0;0;0
"10/08/2021";"06:29:00";"177";"Acidente s";"443";"BR-101/SC";"Sul";"Colisão - Traseira";3;0;0;0;0;0;0;0;0;0;3;0;0;0;0
"10/08/2021";"07:43:00";"181";"Acidente s";"371";"BR-101/SC";"Norte";"Saída de pista";0;0;0;0;0;0;0;0;0;1;1;0;0;0;0
"10/08/2021";"08:14:00";"187";"Acidente c";"449";"BR-101/SC";"Sul";"Capotamento";1;0;0;0;0;0;0;0;0;0;1;1;0;0;0
"10/08/2021";"10:59:00";"193";"Acidente s";"316";"BR-101/SC";"Norte";"Capotamento";2;0;0;0;0;0;0;0;0;0;3;0;0;0;0
"11/08/2021";"08:19:00";"41";"Acidente s";"361";"BR-101/SC";"Norte";"Choque Barreira";0;0;0;0;0;0;0;1;0;0;2;0;0;0;0
"11/08/2021";"10:02:00";"65";"Acidente s";"330";"BR-101/SC";"Norte";"Outros";1;0;0;0;0;0;0;0;0;0;1;0;0;0;0
"11/08/2021";"06:33:00";"126";"Acidente s";"438";"BR-101/SC";"Sul";"Saída de pista";2;0;0;0;0;0;0;0;0;0;2;0;0;0;0
"11/08/2021";"07:27:00";"131";"Acidente s";"464";"BR-101/SC";"Norte";"Saída de pista";1;0;0;0;0;0;0;0;0;0;3;0;0;0;0
"11/08/2021";"10:05:00";"143";"Acidente s";"271";"BR-101/SC";"Norte";"Saída de pista";1;0;0;0;0;0;0;1;0;0;2;0;0;0;0
"12/08/2021";"05:26:00";"15";"Acidente c";"266";"BR-101/SC";"Sul";"Queda de moto";0;0;0;1;0;0;0;0;0;0;0;1;0;0;0
"12/08/2021";"10:49:00";"144";"Acidente s";"316";"BR-101/SC";"Norte";"Atropelamento de Animal";1;0;0;0;0;0;0;0;0;0;4;0;0;0;0
"13/08/2021";"08:20:00";"33";"Acidente c";"456";"BR-101/SC";"Sul";"Queda de moto";1;0;0;1;0;0;0;0;0;0;0;2;0;0;0
"13/08/2021";"05:33:00";"79";"Acidente s";"346";"BR-101/SC";"Norte";"Colisão - Traseira";1;0;0;0;0;0;0;0;0;0;1;0;0;0;0
"13/08/2021";"08:40:00";"96";"Acidente s";"368";"BR-101/SC";"Sul";"Colisão - Lateral";1;0;0;0;0;0;0;0;0;0;6;0;0;0;0
"13/08/2021";"10:23:00";"105";"Acidente s";"256";"BR-101/SC";"Norte";"Saída de pista";1;0;0;0;0;0;0;0;0;0;1;0;0;0;0
"14/08/2021";"02:49:00";"3";"Acidente s";"397";"BR-101/SC";"Norte";;1;0;0;0;0;0;0;0;0;0;1;0;0;0;0
"14/08/2021";"06:34:00";"13";"Acidente c";"280";"BR-101/SC";"Sul";"Choque - Poste";1;0;0;0;0;0;0;0;0;0;0;0;1;0;0
"14/08/2021";"09:09:00";"31";"Acidente s";"429";"BR-101/SC";"Norte";"Outros";1;0;1;0;0;0;0;0;0;0;3;0;0;0;0
"15/08/2021";"12:45:00";"3";"Acidente s";"308";"BR-101/SC";"Norte";"Saída de pista";1;0;0;0;0;0;0;0;0;0;4;0;0;0;0
"15/08/2021";"05:59:00";"86";"Acidente s";"298";"BR-101/SC";"Norte";"Colisão - Traseira";3;0;0;0;0;0;0;0;0;0;4;0;0;0;0
"15/08/2021";"08:38:00";"99";"Acidente c";"283";"BR-101/SC";"Sul";"Saída de pista";1;0;0;0;0;0;0;0;0;0;0;1;0;0;0
"16/08/2021";"05:40:00";"146";"Acidente s";"360";"BR-101/SC";"Norte";"Colisão - Lateral";1;0;0;0;0;0;0;1;0;0;2;0;0;0;0
"17/08/2021";"11:16:00";"135";"Acidente s";"376";"BR-101/SC";"Sul";"Saída de pista";0;0;0;0;0;0;0;1;0;0;1;0;0;0;0
"18/08/2021";"08:40:00";"46";"Acidente s";"394";"BR-101/SC";"Norte";"Choque Defensa";1;0;0;0;0;0;0;0;0;0;4;0;0;0;0
"18/08/2021";"12:00:00";"82";"Acidente s";"422";"BR-101/SC";"Sul";"Colisão - Traseira";2;0;0;0;0;0;0;0;0;0;4;0;0;0;0
"18/08/2021";"07:57:00";"132";"Acidente s";"327";"BR-101/SC";"Sul";"Colisão - Traseira";2;0;0;0;0;0;0;0;0;0;2;0;0;0;0
"18/08/2021";"11:34:00";"144";"Acidente s";"348";"BR-101/SC";"Sul";"Choque - Caixa de Captação/Fibra";1;0;0;0;0;0;0;0;0;0;1;0;0;0;0
"19/08/2021";"12:10:00";"2";"Acidente s";"366";"BR-101/SC";"Norte";"Saída de pista";1;0;0;0;0;0;0;0;0;0;2;0;0;0;0
"19/08/2021";"07:59:00";"38";"Acidente s";"415";"BR-101/SC";"Sul";"Colisão - Traseira";1;0;0;0;0;0;0;0;0;1;2;0;0;0;0
"19/08/2021";"11:07:00";"72";"Acidente s";"464";"BR-101/SC";"Sul";"Saída de pista";1;0;0;0;0;0;0;0;0;0;1;0;0;0;0
"19/08/2021";"02:41:00";"107";"Acidente c";"289";"BR-101/SC";"Norte";"Colisão - Lateral";1;0;1;0;0;0;0;0;0;0;3;1;0;0;0
"19/08/2021";"05:21:00";"134";"Acidente s";"328";"BR-101/SC";"Norte";"Colisão - Transversal";1;0;0;1;0;0;0;0;0;0;1;0;1;0;0
"19/08/2021";"07:44:00";"141";"Acidente s";"334";"BR-101/SC";"Sul";"Choque Barreira";2;0;0;0;0;0;0;0;0;0;2;0;0;0;0
"19/08/2021";"10:29:00";"157";"Acidente s";"343";"BR-101/SC";"Sul";"Choque com veículo na faixa de rolamento";1;0;0;0;0;0;0;0;0;0;2;0;0;0;0
"20/08/2021";"11:33:00";"98";"Acidente c";"359";"BR-101/SC";"Norte";"Colisão - Traseira";2;0;0;0;0;0;0;1;0;0;2;2;0;0;0
"20/08/2021";"02:01:00";"125";"Acidente s";"360";"BR-101/SC";"Sul";"Colisão - Traseira";1;0;0;0;0;0;0;1;0;0;3;0;0;0;0
"21/08/2021";"03:41:00";"9";"Acidente s";"335";"BR-101/SC";"Sul";"Saída de pista";1;0;0;0;0;0;0;0;0;0;1;0;0;0;0
"21/08/2021";"08:46:00";"39";"Acidente c";"362";"BR-101/SC";"Norte";"Choque Barreira";1;0;0;0;0;0;0;0;0;0;0;1;0;0;0
"21/08/2021";"01:53:00";"69";"Acidente s";"318";"BR-101/SC";"Sul";"Saída de pista";1;0;0;0;0;0;0;0;0;0;1;0;0;0;0
"22/08/2021";"04:01:00";"14";"Acidente s";"420";"BR-101/SC";"Sul";"Choque Defensa";1;0;0;0;0;0;0;0;0;0;1;0;0;0;0
"22/08/2021";"02:57:00";"75";"Acidente c";"337";"BR-101/SC";"Ambos";"Colisão - Traseira";1;0;0;1;0;0;0;0;0;0;0;0;2;0;0
"22/08/2021";"04:37:00";"87";"Acidente s";"418";"BR-101/SC";"Sul";"Colisão - Traseira";2;0;0;0;0;0;0;0;0;0;5;0;0;0;0
"22/08/2021";"05:06:00";"90";"Acidente s";"355";"BR-101/SC";"Sul";"Capotamento";1;0;0;0;0;0;0;0;0;0;1;0;0;0;0
"22/08/2021";"10:20:00";"131";"Acidente s";"347";"BR-101/SC";"Sul";"Queda de moto";0;0;0;1;0;0;0;0;0;0;1;0;0;0;0
"22/08/2021";"11:06:00";"134";"Acidente s";"438";"BR-101/SC";"Sul";"Choque - Sinalização";1;0;0;0;0;0;0;0;0;0;2;0;0;0;0
"23/08/2021";"12:06:00";"2";"Acidente s";"416";"BR-101/SC";"Sul";"Queda de moto";0;0;0;1;0;0;0;0;0;0;1;0;0;0;0
"23/08/2021";"09:17:00";"49";"Acidente s";"323";"BR-101/SC";"Sul";"Saída de pista";1;0;0;0;0;0;0;0;0;0;1;0;0;0;0
"23/08/2021";"07:45:00";"114";"Acidente c";"387";"BR-101/SC";"Norte";"Saída de pista";1;0;0;0;0;0;0;0;0;0;0;1;0;0;0
"23/08/2021";"09:47:00";"124";"Acidente s";"259";"BR-101/SC";"Norte";"Colisão - Traseira";0;0;1;0;0;0;0;1;0;0;2;0;0;0;0
"24/08/2021";"02:30:00";"9";"Acidente s";"417";"BR-101/SC";"Sul";"Queda de moto";0;0;0;1;0;0;0;0;0;0;1;0;0;0;0
"24/08/2021";"06:15:00";"123";"Acidente c";"305";"BR-101/SC";"Sul";"Colisão - Lateral";1;0;0;1;0;0;0;0;0;0;1;1;0;0;0
"24/08/2021";"07:24:00";"129";"Acidente c";"314";"BR-101/SC";"Norte";"Colisão - Traseira";2;0;0;0;0;0;0;0;0;0;1;0;1;0;0
"25/08/2021";"08:43:00";"46";"Acidente c";"291";"BR-101/SC";"Norte";"Colisão - Traseira";0;0;0;2;0;0;0;0;0;0;0;2;0;0;0