data;horario;n_da_ocorrencia;tipo_de_ocorrencia;km;trecho;sentido;tipo_de_acidente;automovel;bicicleta;caminhao;moto;onibus;outros;tracao_animal;transporte_de_cargas_especiais;trator_maquinas;utilitarios;ilesos;levemente_feridos;moderadamente_feridos;gravemente_feridos;mortos
"25/08/2021";"10:55:00";"68";"Acidente c";"257";"BR-101/SC";"Sul";"Colisão - Lateral";0;0;0;1;0;0;0;0;0;0;0;1;0;0;0
"25/08/2021";"11:14:00";"72";"Acidente s";"332";"BR-101/SC";"Sul";"Saída de pista";1;0;0;0;0;0;0;0;0;0;2;0;0;0;0
"25/08/2021";"05:32:00";"118";"Acidente s";"392";"BR-101/SC";"Sul";"Colisão - Traseira";1;0;0;0;0;0;0;0;0;1;3;0;0;0;0
"26/08/2021";"12:02:00";"77";"Acidente s";"346";"BR-101/SC";"Norte";"Saída de pista";1;0;0;0;0;0;0;0;0;0;1;0;0;0;0
"26/08/2021";"07:56:00";"134";"Acidente c";"269";"BR-101/SC";"Sul";"Queda de moto";0;0;0;1;0;0;0;0;0;0;0;1;0;0;0
"27/08/2021";"12:32:00";"3";"Acidente s";"270";"BR-101/SC";"Norte";"Saída de pista";1;0;0;0;0;0;0;0;0;0;1;0;0;0;0
"27/08/2021";"04:36:00";"12";"Acidente s";"360";"BR-101/SC";"Sul";"Saída de pista";1;0;0;0;0;0;0;0;0;0;2;0;0;0;0
"27/08/2021";"03:08:00";"111";"Acidente c";"369";"BR-101/SC";"Norte";"Choque Barreira";1;0;0;0;0;0;0;0;0;0;1;1;0;0;0
"28/08/2021";"02:47:00";"13";"Acidente s";"373";"BR-101/SC";"Sul";"Saída de pista";1;0;0;0;0;0;0;0;0;0;1;0;0;0;0
"28/08/2021";"01:21:00";"65";"Acidente c";"365";"BR-101/SC";"Norte";"Saída de pista";1;0;0;0;0;0;0;0;0;0;0;0;3;0;0
"29/08/2021";"01:30:00";"4";"Acidente s";"280";"BR-101/SC";"Sul";"Saída de pista";1;0;0;0;0;0;0;0;0;0;1;0;0;0;0
"29/08/2021";"04:03:00";"8";"Acidente s";"312";"BR-101/SC";"Norte";"Capotamento";1;0;0;0;0;0;0;0;0;0;1;0;0;0;0
"29/08/2021";"04:24:00";"10";"Acidente s";"330";"BR-101/SC";"Norte";"Saída de pista";1;0;0;0;0;0;0;0;0;0;1;0;0;0;0
"29/08/2021";"06:20:00";"16";"Acidente s";"394";"BR-101/SC";"Sul";"Colisão - Traseira";2;0;0;0;0;0;0;0;0;0;2;0;0;0;0
"29/08/2021";"07:08:00";"20";"Acidente s";"375";"BR-101/SC";"Sul";"Saída de pista";1;0;0;0;0;0;0;0;0;0;3;0;0;0;0
"29/08/2021";"08:55:00";"31";"Atropelame";"313";"BR-101/SC";"Norte";"Atropelamento - Usuário";0;0;1;1;0;0;0;0;0;0;1;1;0;0;0
"29/08/2021";"09:20:00";"35";"Acidente s";"374";"BR-101/SC";"Norte";"Saída de pista";0;0;0;0;0;0;0;1;0;0;1;0;0;0;0
"29/08/2021";"05:21:00";"69";"Acidente s";"457";"BR-101/SC";"Sul";"Colisão - Lateral";1;0;0;0;0;0;0;1;0;0;2;0;0;0;0
"29/08/2021";"07:10:00";"78";"Acidente s";"378.9";"BR-101/SC";"Norte";"Queda de moto";0;0;0;1;0;0;0;0;0;0;1;0;0;0;0
"29/08/2021";"08:53:00";"89";"Acidente s";"338";"BR-101/SC";"Norte";"Colisão - Lateral";1;0;0;0;0;0;0;0;0;1;3;0;0;0;0
"30/08/2021";"07:51:00";"36";"Acidente s";"411";"BR-101/SC";"Sul";"Saída de pista";1;0;0;0;0;0;0;0;0;0;1;0;0;0;0
"30/08/2021";"08:01:00";"41";"Acidente c";"436";"BR-101/SC";"Norte";"Colisão - Traseira";1;0;0;1;0;0;0;0;0;0;0;1;1;0;0
"30/08/2021";"12:20:00";"82";"Acidente s";"342";"BR-101/SC";"Norte";"Colisão - Lateral";2;0;0;0;0;0;0;0;0;0;2;0;0;0;0
"30/08/2021";"01:12:00";"85";"Acidente s";"342";"BR-101/SC";"Sul";"Colisão - Frontal";1;0;0;0;0;0;0;0;0;1;2;0;0;0;0
"30/08/2021";"01:37:00";"89";"Acidente c";"356";"BR-101/SC";"Norte";"Choque - Meio Fio";0;0;0;1;0;0;0;0;0;0;0;1;0;0;0
"30/08/2021";"01:41:00";"91";"Acidente c";"308";"BR-101/SC";"Sul";"Choque - Meio Fio";0;0;0;1;0;0;0;0;0;0;0;2;0;0;0
"30/08/2021";"01:51:00";"94";"Acidente s";"437";"BR-101/SC";"Norte";"Choque Barreira";1;0;0;0;0;0;0;0;0;0;2;0;0;0;0
"31/08/2021";"02:06:00";"10";"Acidente s";"260";"BR-101/SC";"Sul";"Colisão - Traseira";3;0;0;0;0;0;0;0;0;0;3;0;0;0;0
"31/08/2021";"11:37:00";"81";"Acidente c";"271";"BR-101/SC";"Sul";"Capotamento";1;0;0;0;0;0;0;0;0;0;0;3;0;0;0
"31/08/2021";"04:29:00";"110";"Acidente s";"298";"BR-101/SC";"Sul";"Colisão - Traseira";3;0;0;0;0;0;0;0;0;0;3;0;0;0;0
"31/08/2021";"07:05:00";"129";"Atropelame";"439";"BR-101/SC";"Sul";"Atropelamento - Usuário";1;0;0;1;0;0;0;0;0;0;1;0;1;0;0
"01/09/2021";"07:00:00";"36";"Acidente c";"358";"BR-101/SC";"Sul";"Colisão - Traseira";2;0;0;0;0;0;0;0;0;1;2;2;0;0;0
"01/09/2021";"07:06:00";"37";"Acidente c";"310";"BR-101/SC";"Norte";"Queda de moto";0;0;0;1;0;0;0;0;0;1;1;0;1;0;0
"01/09/2021";"04:16:00";"142";"Acidente c";"312";"BR-101/SC";"Norte";"Colisão - Frontal";2;0;0;0;0;0;0;0;0;0;11;1;0;0;0
"02/09/2021";"12:18:00";"2";"Acidente c";"366";"BR-101/SC";"Sul";"Colisão - Traseira";0;0;1;0;0;0;0;1;0;0;0;1;1;0;0
"02/09/2021";"04:54:00";"132";"Acidente s";"405";"BR-101/SC";"Sul";"Colisão - Traseira";2;0;0;0;0;0;0;0;0;1;2;0;0;0;0
"02/09/2021";"07:30:00";"153";"Acidente c";"435";"BR-101/SC";"Norte";"Colisão - Frontal";1;0;0;1;0;0;0;0;0;0;1;1;0;0;0
"02/09/2021";"07:41:00";"155";"Acidente c";"364";"BR-101/SC";"Sul";"Queda de moto";0;0;0;1;0;0;0;0;0;0;0;1;0;0;0
"02/09/2021";"08:25:00";"159";"Acidente s";"438";"BR-101/SC";"Sul";"Colisão - Lateral";1;0;0;0;0;0;0;0;0;1;2;0;0;0;0
"03/09/2021";"09:50:00";"62";"Acidente c";"344";"BR-101/SC";"Norte";"Colisão - Traseira";3;0;0;0;0;0;0;0;0;0;3;1;0;0;0
"03/09/2021";"01:17:00";"94";"Acidente s";"464";"BR-101/SC";"Sul";"Tombamento";0;0;0;0;0;0;0;0;0;1;1;0;0;0;0
"03/09/2021";"05:17:00";"115";"Acidente s";"332";"BR-101/SC";"Sul";"Colisão - Transversal";2;0;0;0;0;0;0;0;0;0;2;0;0;0;0
"03/09/2021";"08:09:00";"150";"Acidente c";"362";"BR-101/SC";"Sul";"Colisão - Traseira";2;0;0;0;0;0;0;0;0;0;5;1;0;0;0
"03/09/2021";"09:44:00";"161";"Acidente c";"344";"BR-101/SC";"Norte";"Saída de pista";1;0;0;0;0;0;0;0;0;0;1;1;0;0;0
"04/09/2021";"01:56:00";"11";"Acidente c";"331";"BR-101/SC";"Sul";"Colisão - Traseira";0;0;0;2;0;0;0;0;0;0;1;1;1;0;0
"04/09/2021";"05:04:00";"25";"Acidente s";"292";"BR-101/SC";"Sul";"Saída de pista";1;0;0;0;0;0;0;0;0;0;1;0;0;0;0
"04/09/2021";"09:33:00";"44";"Acidente c";"324";"BR-101/SC";"Sul";"Colisão - Traseira";2;0;0;0;0;0;0;0;0;0;1;1;0;0;0
"04/09/2021";"01:13:00";"73";"Acidente s";"360";"BR-101/SC";"Norte";"Choque Barreira";1;0;0;0;0;0;0;0;0;0;3;0;0;0;0
"04/09/2021";"06:27:00";"108";"Acidente s";"359";"BR-101/SC";"Sul";"Saída de pista";0;0;0;1;0;0;0;0;0;0;1;0;0;0;0
"04/09/2021";"06:52:00";"111";"Acidente c";"356";"BR-101/SC";"Norte";"Colisão - Traseira";1;0;0;0;0;0;0;0;0;1;2;0;0;1;0
"04/09/2021";"07:43:00";"118";"Acidente s";"451";"BR-101/SC";"Norte";"Saída de pista";1;0;0;0;0;0;0;0;0;0;1;0;0;0;0
"04/09/2021";"09:39:00";"127";"Acidente c";"329";"BR-101/SC";"Norte";"Saída de pista";1;0;0;0;0;0;0;0;0;0;0;0;1;0;0
"05/09/2021";"01:15:00";"2";"Acidente s";"343";"BR-101/SC";"Sul";"Saída de pista";1;0;0;0;0;0;0;0;0;0;2;0;0;0;0
"05/09/2021";"01:37:00";"5";"Acidente s";"341";"BR-101/SC";"Sul";"Saída de pista";1;0;0;0;0;0;0;0;0;0;1;0;0;0;0
"05/09/2021";"02:27:00";"6";"Acidente s";"303";"BR-101/SC";"Norte";"Saída de pista";1;0;0;0;0;0;0;0;0;0;1;0;0;0;0
"05/09/2021";"05:26:00";"13";"Acidente s";"313";"BR-101/SC";"Sul";"Colisão - Traseira";1;0;0;0;0;0;0;0;0;1;2;0;0;0;0
"05/09/2021";"05:32:00";"14";"Acidente s";"308";"BR-101/SC";"Norte";"Colisão - Transversal";2;0;0;0;0;0;0;0;0;0;2;0;0;0;0
"05/09/2021";"10:51:00";"42";"Acidente s";"256";"BR-101/SC";"Sul";"Colisão - Lateral";2;0;0;0;0;0;0;0;0;0;5;0;0;0;0
"05/09/2021";"11:40:00";"47";"Acidente s";"298";"BR-101/SC";"Sul";"Colisão - Traseira";2;0;0;0;0;0;0;0;0;0;3;0;0;0;0
"05/09/2021";"02:57:00";"73";"Acidente c";"331";"BR-101/SC";"Norte";"Capotamento";1;0;0;0;0;0;0;0;0;0;0;0;1;0;0
"05/09/2021";"05:09:00";"86";"Acidente s";"410";"BR-101/SC";"Sul";"Capotamento";1;0;0;0;0;0;0;0;0;0;1;0;0;0;0
"05/09/2021";"10:56:00";"116";"Acidente s";"437";"BR-101/SC";"Sul";"Atropelamento de Animal";1;0;0;0;0;0;0;0;0;0;2;0;0;0;0
"05/09/2021";"11:39:00";"120";"Acidente c";"418";"BR-101/SC";"Sul";"Colisão - Traseira";2;0;0;1;0;0;0;0;0;0;3;0;0;1;0
"06/09/2021";"01:10:00";"6";"Acidente c";"282";"BR-101/SC";"Norte";"Capotamento";1;0;0;0;0;0;0;0;0;0;0;1;0;0;0
"06/09/2021";"01:34:00";"7";"Acidente s";"247";"BR-101/SC";"Norte";"Saída de pista";0;0;0;0;0;0;0;0;0;1;2;0;0;0;0
"06/09/2021";"08:27:00";"41";"Acidente s";"334";"BR-101/SC";"Norte";"Colisão - Transversal";2;0;0;0;0;0;0;0;0;0;2;0;0;0;0
"06/09/2021";"11:40:00";"64";"Acidente c";"434";"BR-101/SC";"Sul";"Colisão - Traseira";1;0;0;1;0;0;0;0;0;0;1;1;0;0;0
"06/09/2021";"03:35:00";"88";"Acidente s";"247";"BR-101/SC";"Norte";"Colisão - Traseira";0;0;0;0;0;0;0;1;0;1;2;0;0;0;0
"06/09/2021";"07:12:00";"112";"Acidente c";"341";"BR-101/SC";"Sul";"Colisão - Lateral";1;0;0;1;0;0;0;0;0;0;1;1;0;0;0
"06/09/2021";"07:27:00";"114";"Acidente c";"417";"BR-101/SC";"Norte";"Colisão - Frontal";1;0;0;1;0;0;0;0;0;0;1;1;0;0;0
"07/09/2021";"01:22:00";"5";"Acidente s";"308";"BR-101/SC";"Norte";"Saída de pista";1;0;0;0;0;0;0;0;0;0;2;0;0;0;0
"07/09/2021";"05:32:00";"13";"Acidente c";"356";"BR-101/SC";"Sul";"Saída de pista";1;0;0;0;0;0;0;0;0;0;0;0;1;0;0
"07/09/2021";"06:30:00";"15";"Acidente s";"337";"BR-101/SC";"Sul";"Choque Barreira";1;0;0;0;0;0;0;0;0;0;4;0;0;0;0
"07/09/2021";"11:50:00";"36";"Acidente s";"381";"BR-101/SC";"Sul";"Saída de pista";1;0;0;0;0;0;0;0;0;0;2;0;0;0;0
"07/09/2021";"12:22:00";"37";"Acidente s";"336";"BR-101/SC";"Sul";"Choque Barreira";1;0;0;0;0;0;0;0;0;0;2;0;0;0;0
"07/09/2021";"12:43:00";"39";"Acidente s";"336";"BR-101/SC";"Sul";"Choque Barreira";1;0;0;0;0;0;0;0;0;0;4;0;0;0;0
"07/09/2021";"02:49:00";"44";"Acidente s";"305";"BR-101/SC";"Norte";"Choque Barreira";1;0;0;0;0;0;0;0;0;0;3;0;0;0;0
"07/09/2021";"04:25:00";"47";"Acidente c";"381";"BR-101/SC";"Sul";"Saída de pista";1;0;0;0;0;0;0;0;0;0;2;1;0;0;0
"07/09/2021";"04:57:00";"52";"Acidente s";"367";"BR-101/SC";"Sul";"Choque Defensa";1;0;0;0;0;0;0;0;0;0;4;0;0;0;0
"07/09/2021";"05:35:00";"53";"Acidente s";"414";"BR-101/SC";"Sul";"Saída de pista";1;0;0;0;0;0;0;0;0;0;1;0;0;0;0
"07/09/2021";"05:43:00";"54";"Acidente c";"307";"BR-101/SC";"Sul";"Choque Barreira";1;0;0;0;0;0;0;0;0;0;0;1;0;0;0
"07/09/2021";"06:38:00";"57";"Acidente s";"423";"BR-101/SC";"Sul";"Saída de pista";1;0;0;0;0;0;0;0;0;0;1;0;0;0;0
"07/09/2021";"09:58:00";"71";"Acidente c";"260";"BR-101/SC";"Norte";"Saída de pista";1;0;0;0;0;0;0;0;0;0;0;2;0;0;0
"08/09/2021";"05:38:00";"7";"Atropelame";"250";"BR-101/SC";"Norte";;1;0;0;0;0;0;0;0;0;0;3;0;0;0;0
"08/09/2021";"04:31:00";"75";"Acidente s";"294";"BR-101/SC";"Sul";"Colisão - Traseira";1;0;0;0;0;0;0;0;0;0;2;0;0;0;0
"08/09/2021";"08:40:00";"101";"Acidente s";"434";"BR-101/SC";"Sul";"Atropelamento de Animal";1;0;0;0;0;0;0;0;0;0;2;0;0;0;0
"08/09/2021";"10:01:00";"104";"Acidente s";"280";"BR-101/SC";"Sul";"Saída de pista";1;0;0;0;0;0;0;0;0;0;1;0;0;0;0
"09/09/2021";"12:06:00";"64";"Atropelame";"411";"BR-101/SC";"Norte";"Atropelamento - Usuário";1;0;0;0;0;0;0;0;0;0;2;0;0;0;1
"09/09/2021";"12:58:00";"70";"Acidente s";"352";"BR-101/SC";"Ambos";"Colisão - Lateral";1;0;0;0;0;0;0;1;0;0;3;0;0;0;0
"09/09/2021";"01:41:00";"80";"Acidente c";"253";"BR-101/SC";"Norte";"Colisão - Transversal";1;0;0;1;0;0;0;0;0;0;1;0;1;0;0
"09/09/2021";"02:30:00";"85";"Acidente s";"458";"BR-101/SC";"Sul";"Colisão - Traseira";1;0;0;0;0;0;0;0;0;1;2;0;0;0;0
"09/09/2021";"06:51:00";"109";"Acidente s";"445";"BR-101/SC";"Sul";"Choque Barreira";1;0;0;0;0;0;0;0;0;0;1;0;0;0;0
"10/09/2021";"02:48:00";"11";"Acidente s";"396";"BR-101/SC";"Sul";"Choque Defensa";1;0;0;0;0;0;0;0;0;0;1;0;0;0;0
"10/09/2021";"08:17:00";"36";"Acidente s";"335";"BR-101/SC";"Sul";"Outros";1;0;0;0;0;0;0;0;0;0;2;0;0;0;0
"10/09/2021";"08:51:00";"44";"Acidente s";"338";"BR-101/SC";"Norte";"Choque com objeto sobre a pista";1;0;0;0;0;0;0;0;0;0;1;0;0;0;0
"10/09/2021";"09:46:00";"51";"Acidente s";"275";"BR-101/SC";"Sul";"Choque com objeto sobre a pista";0;0;1;0;0;0;0;0;0;0;1;0;0;0;0
"11/09/2021";"05:08:00";"17";"Acidente s";"381";"BR-101/SC";"Sul";"Saída de pista";1;0;0;0;0;0;0;0;0;0;3;0;0;0;0
"11/09/2021";"01:19:00";"71";"Acidente s";"269.95";"BR-101/SC";"Sul";"Saída de pista";0;0;0;0;0;0;0;0;0;1;1;0;0;0;0
"11/09/2021";"03:52:00";"85";"Acidente s";"346";"BR-101/SC";"Norte";"Saída de pista";2;0;0;0;0;0;0;0;0;0;2;0;0;0;0
"11/09/2021";"04:56:00";"89";"Acidente s";"327";"BR-101/SC";"Norte";"Colisão - Traseira";1;0;0;1;0;0;0;0;0;0;2;0;0;0;0
"11/09/2021";"06:09:00";"94";"Acidente s";"257";"BR-101/SC";"Sul";"Queda de moto";0;0;0;1;0;0;0;0;0;0;2;0;0;0;0
"11/09/2021";"09:37:00";"110";"Acidente s";"351";"BR-101/SC";"Sul";"Saída de pista";1;0;0;0;0;0;0;0;0;0;1;0;0;0;0
"12/09/2021";"05:55:00";"14";"Acidente s";"377";"BR-101/SC";"Sul";"Saída de pista";1;0;0;0;0;0;0;0;0;0;3;0;0;0;0
"12/09/2021";"04:37:00";"80";"Acidente c";"414";"BR-101/SC";"Norte";"Capotamento";1;0;0;0;0;0;0;0;0;0;1;0;3;0;0
"13/09/2021";"07:28:00";"29";"Acidente c";"344";"BR-101/SC";"Norte";"Colisão - Lateral";1;0;0;0;0;0;0;0;0;1;1;1;0;0;0
"13/09/2021";"07:37:00";"152";"Acidente s";"412";"BR-101/SC";"Norte";"Atropelamento de Animal";1;0;0;0;0;0;0;0;0;0;1;0;0;0;0
"13/09/2021";"11:20:00";"170";"Acidente s";"405";"BR-101/SC";"Norte";"Colisão - Traseira";1;0;0;0;0;0;0;0;0;1;5;0;0;0;0
"14/09/2021";"02:42:00";"5";"Acidente s";"343";"BR-101/SC";"Sul";"Saída de pista";1;0;0;0;0;0;0;0;0;0;1;0;0;0;0
"14/09/2021";"10:01:00";"49";"Acidente s";"359";"BR-101/SC";"Norte";"Colisão - Traseira";2;0;0;0;0;0;0;0;0;0;4;1;0;0;0
"14/09/2021";"11:06:00";"55";"Acidente c";"401";"BR-101/SC";"Norte";"Colisão - Lateral";1;0;0;1;0;0;0;0;0;0;1;0;1;0;0
"15/09/2021";"01:46:00";"5";"Acidente c";"381.3";"BR-101/SC";"Sul";"Saída de pista";1;0;0;0;0;0;0;0;0;0;0;1;0;0;0
"15/09/2021";"02:20:00";"7";"Acidente s";"437";"BR-101/SC";"Norte";"Saída de pista";1;0;0;0;0;0;0;0;0;0;2;0;0;0;0
"15/09/2021";"03:27:00";"10";"Acidente s";"348";"BR-101/SC";"Sul";"Colisão - Lateral";1;0;0;0;0;0;0;1;0;0;2;0;0;0;0
"15/09/2021";"08:26:00";"37";"Acidente s";"296";"BR-101/SC";"Norte";"Saída de pista";0;0;0;0;0;0;0;1;0;0;1;0;0;0;0
"15/09/2021";"02:49:00";"98";"Acidente s";"245";"BR-101/SC";"Norte";"Colisão - Lateral";1;0;1;0;0;0;0;0;0;0;2;0;0;0;0
"15/09/2021";"11:58:00";"142";"Acidente s";"383";"BR-101/SC";"Norte";"Saída de pista";1;0;0;0;0;0;0;0;0;0;1;0;0;0;0
"16/09/2021";"05:24:00";"19";"Acidente s";"442";"BR-101/SC";"Norte";"Colisão - Lateral";0;0;0;0;0;0;0;1;0;1;3;0;0;0;0
"16/09/2021";"06:19:00";"22";"Acidente c";"411";"BR-101/SC";"Sul";"Capotamento";1;0;0;0;0;0;0;0;0;0;0;0;1;0;0
"16/09/2021";"01:25:00";"93";"Acidente s";"335";"BR-101/SC";"Sul";"Outros";1;0;0;0;0;0;0;0;0;0;1;0;0;0;0
"16/09/2021";"04:57:00";"117";"Acidente s";"258.8";"BR-101/SC";"Norte";"Colisão - Lateral";1;0;0;0;0;0;0;1;0;0;2;0;0;0;0
"16/09/2021";"06:59:00";"124";"Acidente s";"403";"BR-101/SC";"Sul";"Colisão - Lateral";1;0;0;0;0;0;0;0;0;1;2;0;0;0;0
"17/09/2021";"07:03:00";"12";"Acidente s";"264";"BR-101/SC";"Norte";"Capotamento";1;0;0;0;0;0;0;0;0;0;1;0;0;0;0
"17/09/2021";"09:38:00";"48";"Acidente s";"331";"BR-101/SC";"Norte";"Queda de moto";0;0;0;1;0;0;0;0;0;0;1;0;0;0;0
"17/09/2021";"09:38:00";"47";"Acidente s";"353";"BR-101/SC";"Norte";"Choque Defensa";1;0;0;0;0;0;0;0;0;0;0;1;0;0;0
"17/09/2021";"12:31:00";"65";"Acidente s";"350";"BR-101/SC";"Sul";"Choque - Poste";1;0;0;0;0;0;0;0;0;0;1;0;0;0;0
"17/09/2021";"03:31:00";"85";"Acidente s";"271";"BR-101/SC";"Sul";"Saída de pista";1;0;0;0;0;0;0;0;0;0;2;0;0;0;0
"17/09/2021";"04:41:00";"91";"Acidente s";"335";"BR-101/SC";"Sul";"Saída de pista";1;0;0;0;0;0;0;0;0;0;2;0;0;0;0
"17/09/2021";"05:50:00";"97";"Acidente s";"252";"BR-101/SC";"Norte";"Saída de pista";1;0;0;0;0;0;0;0;0;0;1;0;0;0;0
"17/09/2021";"06:00:00";"98";"Acidente s";"332";"BR-101/SC";"Sul";"Colisão - Lateral";2;0;0;0;0;0;0;0;0;0;3;0;0;0;0
"17/09/2021";"06:40:00";"108";"Acidente s";"351";"BR-101/SC";"Sul";"Colisão - Traseira";1;0;0;0;0;0;0;0;0;1;3;0;0;0;0
"17/09/2021";"09:30:00";"126";"Acidente s";"464";"BR-101/SC";"Norte";;1;0;0;0;0;0;0;0;0;0;2;0;0;0;0
"17/09/2021";"11:13:00";"132";"Acidente s";"403";"BR-101/SC";"Norte";"Atropelamento de Animal";1;0;0;0;0;0;0;0;0;0;2;0;0;0;0
"18/09/2021";"12:30:00";"3";"Acidente s";"399";"BR-101/SC";"Norte";"Saída de pista";1;0;0;0;0;0;0;0;0;0;2;0;0;0;0
"18/09/2021";"07:14:00";"25";"Acidente s";"346";"BR-101/SC";"Norte";"Saída de pista";1;0;0;0;0;0;0;1;0;0;6;0;0;0;0
"18/09/2021";"08:57:00";"32";"Acidente s";"459";"BR-101/SC";"Sul";"Colisão - Traseira";2;0;0;0;0;0;0;0;0;0;7;0;0;0;0
"18/09/2021";"12:42:00";"49";"Acidente s";"429";"BR-101/SC";"Sul";"Choque Barreira";1;0;0;0;0;0;0;0;0;0;2;0;0;0;0
"18/09/2021";"10:32:00";"90";"Acidente s";"273";"BR-101/SC";"Norte";"Saída de pista";1;0;0;0;0;0;0;0;0;0;2;0;0;0;0
"18/09/2021";"11:32:00";"93";"Acidente c";"292";"BR-101/SC";"Norte";"Saída de pista";1;0;0;0;0;0;0;0;0;0;0;1;0;0;0
"19/09/2021";"01:34:00";"5";"Acidente s";"365.35";"BR-101/SC";"Norte";"Saída de pista";1;0;0;0;0;0;0;0;0;0;1;0;0;0;0
"19/09/2021";"02:11:00";"15";"Acidente s";"308";"BR-101/SC";"Norte";"Colisão - Traseira";0;0;0;0;0;0;0;1;0;0;1;0;0;0;0
"19/09/2021";"02:44:00";"11";"Acidente s";"404";"BR-101/SC";"Sul";;1;0;0;0;0;0;0;0;0;0;1;0;0;0;0
"19/09/2021";"03:07:00";"16";"Acidente s";"358.52";"BR-101/SC";"Norte";"Saída de pista";1;0;0;0;0;0;0;0;0;0;4;0;0;0;0
"19/09/2021";"11:00:00";"51";"Acidente s";"293";"BR-101/SC";"Sul";"Saída de pista";0;0;0;0;0;0;0;0;0;1;1;0;0;0;0
"19/09/2021";"11:09:00";"52";"Acidente c";"393";"BR-101/SC";"Norte";;1;0;0;0;0;0;0;0;0;0;0;0;1;0;0
"19/09/2021";"03:15:00";"73";"Acidente s";"379";"BR-101/SC";"Sul";"Colisão - Traseira";2;0;0;0;0;0;0;0;0;0;3;0;0;0;0
"19/09/2021";"07:16:00";"93";"Acidente s";"328";"BR-101/SC";"Norte";"Colisão - Traseira";2;0;0;0;0;0;0;0;0;0;2;0;0;0;0
"19/09/2021";"10:02:00";"110";"Acidente s";"407";"BR-101/SC";"Norte";"Colisão - Traseira";2;0;0;0;0;0;0;0;0;0;2;0;0;0;0
"20/09/2021";"12:27:00";"2";"Acidente c";"434";"BR-101/SC";"Sul";"Colisão - Traseira";2;0;0;0;0;0;0;0;0;0;3;2;0;0;0
"20/09/2021";"09:07:00";"48";"Acidente c";"366.7";"BR-101/SC";"Sul";"Colisão - Lateral";2;0;0;0;0;0;0;0;0;0;1;4;0;0;0
"20/09/2021";"12:35:00";"88";"Acidente s";"298";"BR-101/SC";"Sul";"Colisão - Traseira";2;0;0;0;0;0;0;0;0;0;3;0;0;0;0
"20/09/2021";"12:36:00";"89";"Acidente s";"328";"BR-101/SC";"Sul";"Colisão - Traseira";1;0;0;0;0;0;0;0;0;1;2;0;0;0;0
"20/09/2021";"12:56:00";"90";"Acidente c";"328";"BR-101/SC";"Sul";"Colisão - Traseira";2;0;0;0;0;0;0;0;0;0;4;1;0;0;0
"20/09/2021";"03:07:00";"109";"Acidente s";"331";"BR-101/SC";"Sul";"Colisão - Traseira";3;0;0;0;0;0;0;0;0;0;4;0;0;0;0
"20/09/2021";"03:09:00";"110";"Acidente s";"336";"BR-101/SC";"Sul";"Colisão - Traseira";2;0;0;0;0;0;0;0;0;0;4;0;0;0;0
"20/09/2021";"04:07:00";"118";"Acidente s";"334";"BR-101/SC";"Sul";"Colisão - Traseira";2;0;0;0;0;0;0;0;0;0;2;0;0;0;0
"20/09/2021";"04:47:00";"123";"Acidente s";"336";"BR-101/SC";"Sul";"Colisão - Traseira";2;0;0;0;0;0;0;0;0;0;2;0;0;0;0
"20/09/2021";"05:52:00";"129";"Acidente s";"400";"BR-101/SC";"Sul";"Engavetamento";3;0;0;0;0;0;0;0;0;0;4;0;0;0;0
"20/09/2021";"06:14:00";"133";"Acidente s";"336";"BR-101/SC";"Sul";"Engavetamento";5;0;0;0;0;0;0;0;0;0;13;0;0;0;0
"20/09/2021";"09:48:00";"155";"Acidente s";"387.5";"BR-101/SC";"Sul";"Saída de pista";1;0;0;0;0;0;0;0;0;0;1;0;0;0;0
"21/09/2021";"07:47:00";"26";"Acidente s";"278";"BR-101/SC";"Sul";"Atropelamento de Animal";1;0;0;0;0;0;0;0;0;0;1;0;0;0;0
"22/09/2021";"12:17:00";"76";"Acidente s";"255";"BR-101/SC";"Norte";"Colisão - Traseira";1;0;0;0;0;0;0;1;0;0;3;0;0;0;0
"22/09/2021";"06:53:00";"124";"Acidente s";"464";"BR-101/SC";"Norte";"Saída de pista";1;0;0;0;0;0;0;0;0;0;2;0;0;0;0
"22/09/2021";"08:10:00";"140";"Acidente s";"352";"BR-101/SC";"Sul";"Saída de pista";1;0;0;0;0;0;0;0;0;0;1;0;0;0;0
"22/09/2021";"10:18:00";"157";"Acidente s";"406.3";"BR-101/SC";"Norte";"Colisão - Traseira";0;0;0;0;0;0;0;0;0;1;2;0;0;0;0
"22/09/2021";"10:27:00";"159";"Acidente s";"408";"BR-101/SC";"Sul";"Choque Barreira";1;0;0;0;0;0;0;0;0;0;2;0;0;0;0
"22/09/2021";"11:18:00";"164";"Acidente s";"359";"BR-101/SC";"Norte";"Colisão - Frontal";2;0;0;0;0;0;0;0;0;0;2;0;0;0;0
"23/09/2021";"01:09:00";"6";"Acidente s";"345";"BR-101/SC";"Norte";"Saída de pista";1;0;0;0;0;0;0;0;0;0;1;0;0;0;0
"23/09/2021";"01:42:00";"10";"Acidente s";"360";"BR-101/SC";"Sul";"Colisão - Traseira";0;0;0;0;0;0;0;2;0;0;3;0;0;0;0
"23/09/2021";"07:45:00";"44";"Acidente s";"277";"BR-101/SC";"Sul";"Saída de pista";1;0;0;0;0;0;0;0;0;0;2;0;0;0;0
"23/09/2021";"11:49:00";"91";"Acidente s";"404";"BR-101/SC";"Norte";"Queda de moto";0;0;0;1;0;0;0;0;0;0;2;0;0;0;0
"23/09/2021";"02:28:00";"116";"Acidente c";"445";"BR-101/SC";"Sul";"Queda de moto";0;0;0;1;0;0;0;0;0;0;0;2;0;0;0