data;horario;n_da_ocorrencia;tipo_de_ocorrencia;km;trecho;sentido;tipo_de_acidente;automovel;bicicleta;caminhao;moto;onibus;outros;tracao_animal;transporte_de_cargas_especiais;trator_maquinas;utilitarios;ilesos;levemente_feridos;moderadamente_feridos;gravemente_feridos;mortos
"23/09/2021";"07:04:00";"156";"Acidente s";"451";"BR-101/SC";"Norte";"Choque com objeto sobre a pista";1;0;0;0;0;0;0;0;0;0;2;0;0;0;0
"24/09/2021";"12:58:00";"2";"Acidente s";"257";"BR-101/SC";"Norte";"Saída de pista";1;0;0;0;0;0;0;0;0;0;1;0;0;0;0
"24/09/2021";"12:03:00";"81";"Acidente s";"334";"BR-101/SC";"Ambos";"Colisão - Traseira";2;0;0;0;0;0;0;0;0;0;3;0;0;0;0
"24/09/2021";"04:41:00";"115";"Acidente s";"340";"BR-101/SC";"Norte";"Colisão - Traseira";2;0;0;0;0;0;0;0;0;0;3;0;0;0;0
"24/09/2021";"07:53:00";"140";"Acidente s";"264";"BR-101/SC";"Sul";"Saída de pista";1;0;0;0;0;0;0;0;0;0;4;0;0;0;0
"24/09/2021";"09:57:00";"162";"Acidente s";"375";"BR-101/SC";"Norte";"Saída de pista";0;0;0;0;0;0;0;0;0;1;1;0;0;0;0
"25/09/2021";"01:23:00";"8";"Acidente s";"374";"BR-101/SC";"Norte";"Saída de pista";1;0;0;0;0;0;0;0;0;0;3;0;0;0;0
"25/09/2021";"02:40:00";"13";"Acidente s";"407";"BR-101/SC";"Sul";"Saída de pista";1;0;0;0;0;0;0;0;0;0;1;0;0;0;0
"25/09/2021";"03:36:00";"14";"Acidente c";"277";"BR-101/SC";"Norte";"Queda de moto";0;0;0;1;0;0;0;0;0;0;0;0;0;1;0
"25/09/2021";"03:46:00";"15";"Acidente s";"359";"BR-101/SC";"Norte";"Saída de pista";1;0;0;0;0;0;0;0;0;0;1;0;0;0;0
"25/09/2021";"03:47:00";"16";"Acidente c";"366";"BR-101/SC";"Norte";"Colisão - Traseira";2;0;0;1;0;0;0;0;0;0;2;2;0;0;0
"25/09/2021";"05:47:00";"21";"Acidente s";"374";"BR-101/SC";"Sul";"Saída de pista";1;0;0;0;0;0;0;0;0;0;2;0;0;0;0
"25/09/2021";"09:19:00";"42";"Acidente c";"287";"BR-101/SC";"Sul";"Colisão - Lateral";1;0;0;0;0;0;0;1;0;0;3;1;0;0;0
"25/09/2021";"02:10:00";"80";"Acidente c";"277";"BR-101/SC";"Sul";"Colisão - Transversal";1;0;0;1;0;0;0;0;0;0;1;0;0;1;0
"25/09/2021";"07:13:00";"106";"Acidente c";"384";"BR-101/SC";"Norte";"Saída de pista";1;0;0;0;0;0;0;0;0;0;0;0;0;1;0
"25/09/2021";"07:23:00";"108";"Acidente c";"344";"BR-101/SC";"Norte";"Queda de moto";0;0;0;1;0;0;0;0;0;0;0;0;1;0;0
"25/09/2021";"11:53:00";"126";"Acidente s";"403";"BR-101/SC";"Norte";"Saída de pista";1;0;0;0;0;0;0;0;0;0;1;0;0;0;0
"26/09/2021";"04:35:00";"8";"Acidente s";"451";"BR-101/SC";"Norte";"Saída de pista";1;0;0;0;0;0;0;0;0;0;2;0;0;0;0
"26/09/2021";"11:28:00";"41";"Acidente s";"333";"BR-101/SC";"Ambos";"Queda de moto";0;0;0;1;0;0;0;0;0;0;1;0;0;0;0
"26/09/2021";"11:33:00";"42";"Acidente s";"333";"BR-101/SC";"Norte";"Colisão - Frontal";2;0;0;0;0;0;0;0;0;0;4;0;0;0;0
"26/09/2021";"07:13:00";"90";"Acidente c";"318";"BR-101/SC";"Sul";"Colisão - Traseira";2;0;0;0;0;0;0;0;0;0;6;0;1;0;0
"26/09/2021";"08:25:00";"97";"Acidente c";"378";"BR-101/SC";"Sul";"Saída de pista";2;0;0;0;0;0;0;0;0;0;1;0;1;0;0
"26/09/2021";"09:43:00";"111";"Acidente s";"279";"BR-101/SC";"Sul";"Capotamento";1;0;0;0;0;0;0;0;0;0;1;0;0;0;0
"27/09/2021";"04:09:00";"11";"Acidente s";"320";"BR-101/SC";"Norte";"Colisão - Traseira";2;0;0;0;0;0;0;0;0;0;2;0;0;0;0
"27/09/2021";"07:34:00";"35";"Atropelame";"444";"BR-101/SC";"Sul";"Atropelamento - Usuário";1;0;0;0;0;0;0;0;0;0;1;0;1;0;0
"27/09/2021";"08:24:00";"49";"Acidente s";"336";"BR-101/SC";"Sul";"Colisão - Lateral";1;0;0;1;0;0;0;0;0;0;3;0;0;0;0
"27/09/2021";"09:04:00";"57";"Acidente s";"272";"BR-101/SC";"Sul";"Colisão - Traseira";2;0;0;0;0;0;0;0;0;0;5;0;0;0;0
"27/09/2021";"09:56:00";"61";"Acidente c";"335";"BR-101/SC";"Sul";"Capotamento";1;0;0;0;0;0;0;0;0;1;2;0;1;0;0
"27/09/2021";"09:20:00";"153";"Acidente s";"390";"BR-101/SC";"Sul";"Colisão - Traseira";1;0;0;0;0;0;0;1;0;0;4;0;0;0;0
"28/09/2021";"06:39:00";"123";"Acidente s";"296";"BR-101/SC";"Norte";"Colisão - Traseira";2;0;0;0;0;0;0;0;0;0;2;0;0;0;0
"28/09/2021";"11:29:00";"145";"Acidente c";"293";"BR-101/SC";"Norte";"Queda de moto";0;0;0;1;0;0;0;0;0;0;0;0;1;0;0
"29/09/2021";"10:19:00";"58";"Acidente s";"435";"BR-101/SC";"Norte";"Colisão - Traseira";2;0;0;0;0;0;0;0;0;0;3;0;0;0;0
"29/09/2021";"11:56:00";"68";"Acidente c";"345";"BR-101/SC";"Sul";"Colisão - Lateral";1;0;0;0;0;0;0;0;0;1;1;1;0;0;0
"29/09/2021";"12:00:00";"69";"Acidente s";"280";"BR-101/SC";"Sul";"Colisão - Traseira";3;0;0;0;0;0;0;0;0;0;3;0;0;0;0
"29/09/2021";"12:39:00";"73";"Acidente s";"331";"BR-101/SC";"Norte";"Colisão - Lateral";1;0;0;1;0;0;0;0;0;0;2;0;0;0;0
"29/09/2021";"12:55:00";"76";"Acidente s";"458";"BR-101/SC";"Sul";"Capotamento";1;0;0;0;0;0;0;0;0;0;1;0;0;0;0
"29/09/2021";"01:20:00";"80";"Acidente s";"253";"BR-101/SC";"Sul";"Tombamento";0;0;1;0;0;0;0;0;0;1;2;0;0;0;0
"29/09/2021";"06:00:00";"105";"Acidente s";"333";"BR-101/SC";"Sul";"Colisão - Lateral";1;0;0;0;0;0;0;0;0;1;4;0;0;0;0
"29/09/2021";"06:47:00";"106";"Acidente s";"289";"BR-101/SC";"Norte";"Saída de pista";1;0;0;0;0;0;0;0;0;0;2;0;0;0;0
"29/09/2021";"09:49:00";"119";"Acidente c";"277";"BR-101/SC";"Norte";"Saída de pista";1;0;0;0;0;0;0;0;0;0;1;1;0;0;0
"29/09/2021";"11:14:00";"122";"Acidente s";"405";"BR-101/SC";"Norte";"Colisão - Traseira";1;0;0;0;0;0;0;0;0;1;5;0;0;0;0
"30/09/2021";"07:01:00";"12";"Acidente s";"272";"BR-101/SC";"Norte";"Capotamento";0;0;0;0;0;0;0;0;0;1;2;0;0;0;0
"30/09/2021";"05:29:00";"76";"Acidente s";"328";"BR-101/SC";"Sul";"Colisão - Traseira";2;0;0;0;0;0;0;0;0;0;2;0;0;0;0
"30/09/2021";"07:14:00";"100";"Acidente c";"430";"BR-101/SC";"Sul";"Colisão - Traseira";2;0;0;0;0;0;0;0;0;0;2;0;1;0;0
"30/09/2021";"08:49:00";"105";"Acidente c";"355";"BR-101/SC";"Norte";"Queda de moto";0;0;0;1;0;0;0;0;0;0;1;0;1;0;0
"01/10/2021";"06:29:00";"15";"Acidente s";"355";"BR-101/SC";"Sul";"Saída de pista";1;0;0;0;0;0;0;0;0;0;2;0;0;0;0
"01/10/2021";"09:02:00";"39";"Acidente c";"414";"BR-101/SC";"Norte";"Saída de pista";1;0;0;0;0;0;0;0;0;0;3;1;0;0;0
"01/10/2021";"02:57:00";"96";"Acidente s";"311";"BR-101/SC";"Norte";"Colisão - Lateral";1;0;0;0;0;0;0;0;0;1;4;0;0;0;0
"01/10/2021";"11:51:00";"148";"Acidente s";"401";"BR-101/SC";"Ambos";"Colisão - Lateral";1;0;0;0;0;0;0;1;0;0;2;0;0;0;0
"02/10/2021";"03:09:00";"11";"Acidente s";"331";"BR-101/SC";"Norte";"Tombamento";1;0;0;0;0;0;0;0;0;0;2;0;0;0;0
"02/10/2021";"04:48:00";"20";"Acidente c";"323";"BR-101/SC";"Sul";"Queda de moto";0;0;0;1;0;0;0;0;0;0;0;0;1;0;0
"02/10/2021";"11:19:00";"57";"Acidente c";"342";"BR-101/SC";"Norte";"Colisão - Traseira";2;0;0;0;0;0;0;0;0;0;1;0;1;0;0
"02/10/2021";"07:25:00";"99";"Acidente s";"348";"BR-101/SC";"Sul";"Choque Barreira";1;0;0;0;0;0;0;0;0;0;1;0;0;0;0
"03/10/2021";"01:32:00";"54";"Acidente c";"280";"BR-101/SC";"Sul";"Choque com veículo no acostamento";1;0;0;1;0;0;0;0;0;0;1;1;0;0;0
"03/10/2021";"08:07:00";"90";"Acidente s";"463";"BR-101/SC";"Norte";"Saída de pista";1;0;0;0;0;0;0;0;0;0;2;0;0;0;0
"03/10/2021";"08:32:00";"93";"Acidente c";"434";"BR-101/SC";"Sul";"Colisão - Lateral";1;0;0;1;0;0;0;0;0;0;1;1;0;0;0
"03/10/2021";"10:02:00";"99";"Acidente s";"437";"BR-101/SC";"Sul";"Colisão - Lateral";2;0;0;0;0;0;0;0;0;0;2;0;0;0;0
"04/10/2021";"12:04:00";"123";"Acidente c";"423";"BR-101/SC";"Norte";"Colisão - Lateral";2;0;0;0;0;0;0;0;0;0;1;1;0;0;0
"04/10/2021";"05:00:00";"143";"Acidente s";"330";"BR-101/SC";"Sul";"Colisão - Traseira";1;0;1;0;0;0;0;0;0;0;2;0;0;0;0
"06/10/2021";"01:24:00";"85";"Acidente s";"284";"BR-101/SC";"Sul";"Tombamento";0;0;0;0;0;0;0;1;0;0;1;0;0;0;0
"06/10/2021";"06:40:00";"120";"Atropelame";"350";"BR-101/SC";"Norte";"Atropelamento - Morador/Trabalhador/Estudante";0;0;0;0;0;0;0;0;0;0;0;1;0;0;0
"06/10/2021";"06:40:00";"119";"Acidente s";"414";"BR-101/SC";"Norte";"Colisão - Lateral";1;0;0;0;0;0;0;1;0;0;2;0;0;0;0
"06/10/2021";"07:06:00";"122";"Acidente s";"359";"BR-101/SC";"Sul";"Saída de pista";1;0;0;0;0;0;0;0;0;0;2;0;0;0;0
"07/10/2021";"12:50:00";"2";"Acidente s";"385";"BR-101/SC";"Sul";"Atropelamento de Animal";1;0;0;0;0;0;0;0;0;0;0;2;0;0;0
"07/10/2021";"08:04:00";"39";"Acidente c";"413";"BR-101/SC";"Sul";"Colisão - Frontal";0;0;0;2;0;0;0;0;0;0;1;0;1;0;0
"07/10/2021";"11:03:00";"86";"Acidente c";"344";"BR-101/SC";"Norte";"Capotamento";2;0;0;0;0;0;0;0;0;0;2;2;0;0;0
"07/10/2021";"11:45:00";"92";"Acidente c";"332";"BR-101/SC";"Norte";"Colisão - Traseira";1;0;0;1;0;0;0;0;0;0;0;2;0;0;0
"07/10/2021";"03:12:00";"113";"Acidente c";"328";"BR-101/SC";"Norte";"Colisão - Traseira";1;0;0;1;0;0;0;0;0;0;1;1;0;0;0
"07/10/2021";"10:27:00";"163";"Acidente s";"298";"BR-101/SC";"Norte";"Queda de moto";0;0;0;1;0;0;0;0;0;0;1;0;0;0;0
"07/10/2021";"10:33:00";"164";"Acidente s";"304";"BR-101/SC";"Norte";"Tombamento";0;0;0;0;0;0;0;1;0;0;1;0;0;0;0
"08/10/2021";"12:11:00";"1";"Acidente c";"262";"BR-101/SC";"Sul";"Tombamento";0;0;0;0;0;0;0;1;0;0;0;1;0;0;0
"08/10/2021";"03:53:00";"104";"Acidente s";"404";"BR-101/SC";"Norte";;0;0;0;0;0;0;0;0;0;1;1;0;0;0;0
"08/10/2021";"04:36:00";"109";"Acidente s";"334";"BR-101/SC";"Norte";"Colisão - Transversal";2;0;0;0;0;0;0;0;0;0;0;3;0;0;0
"08/10/2021";"06:10:00";"116";"Acidente s";"341.22";"BR-101/SC";"Sul";"Colisão - Lateral";2;0;0;0;0;0;0;0;0;0;0;2;0;0;0
"08/10/2021";"07:17:00";"123";"Acidente c";"431";"BR-101/SC";"Norte";"Saída de pista";1;0;0;0;0;0;0;0;0;0;1;0;2;0;0
"08/10/2021";"08:50:00";"131";"Acidente s";"336";"BR-101/SC";"Norte";"Choque Barreira";1;0;0;0;0;0;0;0;0;0;0;1;0;0;0
"08/10/2021";"09:37:00";"137";"Acidente s";"344";"BR-101/SC";"Sul";"Colisão - Traseira";2;0;0;0;0;0;0;0;0;0;0;5;0;0;0
"09/10/2021";"12:01:00";"1";"Acidente s";"335";"BR-101/SC";"Norte";"Saída de pista";1;0;0;0;0;0;0;0;0;0;0;2;0;0;0
"09/10/2021";"02:40:00";"12";"Acidente s";"391.1";"BR-101/SC";"Sul";"Saída de pista";1;0;0;0;0;0;0;0;0;0;0;1;0;0;0
"09/10/2021";"03:29:00";"16";"Acidente s";"302";"BR-101/SC";"Norte";;2;0;0;0;0;0;0;0;0;0;4;0;0;0;0
"09/10/2021";"04:02:00";"22";"Acidente c";"294";"BR-101/SC";"Norte";"Saída de pista";1;0;0;0;0;0;0;0;0;0;3;0;1;0;0
"09/10/2021";"04:46:00";"25";"Acidente s";"381";"BR-101/SC";"Norte";"Saída de pista";1;0;0;0;0;0;0;0;0;0;0;1;0;0;0
"09/10/2021";"04:53:00";"27";"Acidente s";"287";"BR-101/SC";"Norte";"Saída de pista";1;0;0;0;0;0;0;0;0;0;1;0;0;0;0
"09/10/2021";"05:09:00";"28";"Acidente s";"290";"BR-101/SC";"Sul";"Choque com objeto sobre a pista";1;0;0;0;0;0;0;0;0;0;4;0;0;0;0
"09/10/2021";"08:31:00";"52";"Acidente s";"289";"BR-101/SC";"Sul";"Choque - Arvore";1;0;0;0;0;0;0;0;0;0;1;0;0;0;0
"09/10/2021";"11:59:00";"73";"Acidente s";"408";"BR-101/SC";"Sul";"Colisão - Traseira";2;0;0;0;0;0;0;0;0;0;1;1;0;0;0
"09/10/2021";"05:12:00";"111";"Acidente s";"314";"BR-101/SC";"Sul";"Colisão - Traseira";2;0;0;0;0;0;0;0;0;0;4;0;0;0;0
"09/10/2021";"05:34:00";"114";"Acidente s";"350";"BR-101/SC";"Sul";"Colisão - Traseira";2;0;0;0;0;0;0;0;0;0;2;0;0;0;0
"09/10/2021";"06:25:00";"118";"Acidente s";"326";"BR-101/SC";"Sul";"Colisão - Traseira";2;0;0;0;0;0;0;0;0;0;10;0;0;0;0
"09/10/2021";"06:27:00";"119";"Acidente s";"257";"BR-101/SC";"Norte";"Saída de pista";1;0;0;0;0;0;0;0;0;0;2;0;0;0;0
"09/10/2021";"10:02:00";"141";"Acidente c";"378";"BR-101/SC";"Norte";"Capotamento";1;0;0;0;0;0;0;0;0;0;0;0;1;0;0
"10/10/2021";"12:57:00";"2";"Acidente s";"428";"BR-101/SC";"Norte";;0;0;0;0;0;0;0;1;0;0;1;0;0;0;0
"10/10/2021";"05:22:00";"11";"Acidente s";"331";"BR-101/SC";"Norte";"Saída de pista";1;0;0;0;0;0;0;0;0;0;2;0;0;0;0
"10/10/2021";"05:24:00";"12";"Acidente s";"395";"BR-101/SC";"Sul";"Saída de pista";1;0;0;0;0;0;0;0;0;0;1;0;0;0;0
"10/10/2021";"08:42:00";"22";"Acidente c";"282";"BR-101/SC";"Sul";"Choque com objeto sobre a pista";1;0;0;0;0;0;0;0;0;1;2;0;1;0;0
"10/10/2021";"05:58:00";"68";"Atropelame";"336";"BR-101/SC";"Sul";"Atropelamento - Morador/Trabalhador/Estudante";1;0;0;1;0;0;0;0;0;0;4;0;1;0;0
"11/10/2021";"01:07:00";"2";"Acidente s";"298";"BR-101/SC";"Norte";"Colisão - Lateral";1;0;0;0;0;0;0;1;0;0;2;0;0;0;0
"11/10/2021";"02:47:00";"9";"Acidente s";"353";"BR-101/SC";"Norte";"Saída de pista";1;0;0;0;0;0;0;0;0;0;2;0;0;0;0
"11/10/2021";"08:40:00";"45";"Acidente s";"390";"BR-101/SC";"Norte";"Colisão - Traseira";1;0;0;0;0;0;0;0;0;0;2;0;0;0;0
"11/10/2021";"09:16:00";"53";"Acidente s";"331";"BR-101/SC";"Sul";"Choque Defensa";1;0;0;0;0;0;0;0;0;0;1;0;0;0;0
"11/10/2021";"01:07:00";"79";"Acidente c";"327";"BR-101/SC";"Sul";"Colisão - Transversal";2;0;0;0;0;0;0;0;0;0;1;1;0;0;0
"11/10/2021";"02:44:00";"88";"Acidente s";"285";"BR-101/SC";"Sul";"Saída de pista";1;0;0;0;0;0;0;0;0;0;0;1;0;0;0
"11/10/2021";"08:55:00";"127";"Acidente s";"293";"BR-101/SC";"Norte";"Colisão - Frontal";2;0;0;0;0;0;0;0;0;0;4;0;0;0;0
"12/10/2021";"02:39:00";"7";"Acidente s";"434";"BR-101/SC";"Sul";"Saída de pista";1;0;0;0;0;0;0;0;0;0;1;0;0;0;0
"12/10/2021";"04:19:00";"9";"Acidente s";"275";"BR-101/SC";"Norte";"Colisão - Traseira";1;0;0;0;0;0;0;0;0;1;2;0;0;0;0
"12/10/2021";"05:01:00";"11";"Acidente c";"271";"BR-101/SC";"Sul";"Tombamento";2;0;0;0;0;0;0;1;0;1;5;0;1;0;0
"12/10/2021";"09:37:00";"26";"Acidente s";"259";"BR-101/SC";"Norte";"Outros";1;0;0;0;0;0;0;0;0;0;1;0;0;0;0
"12/10/2021";"10:52:00";"32";"Acidente c";"255";"BR-101/SC";"Norte";;1;0;0;0;0;0;0;0;0;0;0;3;0;0;0
"12/10/2021";"02:23:00";"53";"Acidente s";"253";"BR-101/SC";"Sul";"Outros";1;0;0;0;0;0;0;0;0;0;3;0;0;0;0
"12/10/2021";"02:36:00";"57";"Acidente s";"254";"BR-101/SC";"Sul";"Colisão - Traseira";2;0;0;0;0;0;0;0;0;0;3;0;0;0;0
"12/10/2021";"07:27:00";"91";"Acidente s";"358";"BR-101/SC";"Sul";"Colisão - Traseira";2;0;0;0;0;0;0;0;0;0;0;3;0;0;0
"12/10/2021";"09:33:00";"101";"Acidente s";"269";"BR-101/SC";"Sul";"Atropelamento de Animal";1;0;0;0;0;0;0;0;0;0;0;2;0;0;0
"12/10/2021";"10:15:00";"104";"Acidente s";"380";"BR-101/SC";"Sul";"Saída de pista";0;0;1;0;0;0;0;0;0;0;1;0;0;0;0
"13/10/2021";"07:41:00";"39";"Acidente s";"290";"BR-101/SC";"Norte";"Colisão - Lateral";2;0;0;0;0;0;0;0;0;0;2;0;0;0;0
"13/10/2021";"07:51:00";"41";"Acidente s";"331";"BR-101/SC";"Sul";"Colisão - Traseira";2;0;0;0;0;0;0;0;0;0;2;0;0;0;0
"13/10/2021";"11:46:00";"99";"Acidente s";"282";"BR-101/SC";"Sul";"Colisão - Traseira";1;0;1;0;0;0;0;0;0;0;2;0;0;0;0
"13/10/2021";"06:07:00";"173";"Acidente s";"328";"BR-101/SC";"Ambos";"Colisão - Lateral";1;0;0;1;0;0;0;0;0;0;2;0;0;0;0
"13/10/2021";"09:44:00";"196";"Acidente s";"307";"BR-101/SC";"Sul";"Saída de pista";1;0;0;0;0;0;0;0;0;0;2;0;0;0;0
"14/10/2021";"03:35:00";"12";"Acidente s";"298";"BR-101/SC";"Sul";"Colisão - Traseira";0;0;1;0;0;0;0;0;0;1;2;0;0;0;0
"14/10/2021";"07:49:00";"62";"Acidente c";"330";"BR-101/SC";"Sul";"Colisão - Transversal";3;0;0;0;0;0;0;0;0;0;2;0;1;0;0
"14/10/2021";"01:04:00";"113";"Acidente s";"256";"BR-101/SC";"Norte";"Colisão - Traseira";0;0;0;0;0;0;0;0;0;2;4;0;0;0;0
"14/10/2021";"09:10:00";"163";"Acidente s";"394";"BR-101/SC";"Norte";"Saída de pista";1;0;0;0;0;0;0;0;0;0;1;0;0;0;0
"15/10/2021";"03:10:00";"5";"Acidente s";"451";"BR-101/SC";"Norte";"Saída de pista";1;0;0;0;0;0;0;0;0;0;3;0;0;0;0
"15/10/2021";"04:43:00";"10";"Acidente c";"406";"BR-101/SC";"Norte";"Capotamento";1;0;0;0;0;0;0;0;0;0;0;1;0;0;1
"15/10/2021";"02:19:00";"94";"Acidente s";"332";"BR-101/SC";"Norte";"Colisão - Traseira";2;0;0;0;0;0;0;0;0;0;3;0;0;0;0
"15/10/2021";"09:04:00";"137";"Acidente s";"264";"BR-101/SC";"Sul";"Saída de pista";1;0;0;0;0;0;0;0;0;0;4;0;0;0;0
"16/10/2021";"03:56:00";"13";"Acidente s";"347";"BR-101/SC";"Norte";"Choque com objeto sobre a pista";1;0;0;0;0;0;0;0;0;0;5;0;0;0;0
"16/10/2021";"05:05:00";"17";"Acidente s";"309";"BR-101/SC";"Norte";"Saída de pista";1;0;0;0;0;0;0;0;0;0;4;0;0;0;0
"16/10/2021";"05:22:00";"20";"Acidente c";"339";"BR-101/SC";"Sul";"Colisão - Traseira";2;0;0;0;0;0;0;0;0;0;3;2;0;0;0
"16/10/2021";"05:29:00";"21";"Acidente s";"404";"BR-101/SC";"Norte";"Saída de pista";1;0;0;0;0;0;0;0;0;0;3;0;0;0;0
"16/10/2021";"08:59:00";"42";"Acidente c";"336";"BR-101/SC";"Norte";"Queda de moto";1;0;0;0;0;0;0;0;0;0;0;1;0;0;0
"16/10/2021";"09:29:00";"47";"Acidente s";"288";"BR-101/SC";"Sul";"Tombamento";0;0;0;0;0;0;0;0;0;1;1;0;0;0;0
"16/10/2021";"09:52:00";"48";"Acidente s";"261";"BR-101/SC";"Sul";"Colisão - Traseira";1;0;0;0;0;0;0;0;0;1;4;0;0;0;0
"16/10/2021";"10:56:00";"52";"Acidente s";"362";"BR-101/SC";"Sul";"Capotamento";1;0;0;0;0;0;0;0;0;0;1;0;0;0;0
"16/10/2021";"12:34:00";"58";"Acidente s";"343";"BR-101/SC";"Norte";"Colisão - Lateral";2;0;0;0;0;0;0;0;0;0;2;0;0;0;0
"16/10/2021";"07:30:00";"83";"Acidente s";"367.8";"BR-101/SC";"Sul";"Saída de pista";1;0;0;0;0;0;0;0;0;0;2;0;0;0;0
"16/10/2021";"07:49:00";"84";"Acidente s";"310";"BR-101/SC";"Norte";"Atropelamento de Animal";1;0;0;0;0;0;0;0;0;0;2;0;0;0;0
"16/10/2021";"09:11:00";"89";"Acidente s";"257";"BR-101/SC";"Norte";"Saída de pista";1;0;0;0;0;0;0;0;0;0;3;0;0;0;0
"16/10/2021";"09:24:00";"92";"Acidente c";"418";"BR-101/SC";"Sul";"Colisão - Frontal";1;0;0;1;0;0;0;0;0;0;2;0;0;0;1
"16/10/2021";"09:50:00";"95";"Acidente s";"317";"BR-101/SC";"Sul";"Colisão - Traseira";1;0;0;0;0;0;0;0;0;0;4;0;0;0;0
"16/10/2021";"11:16:00";"97";"Acidente c";"327";"BR-101/SC";"Norte";"Capotamento";1;0;0;1;0;0;0;0;0;0;0;0;3;0;0
"16/10/2021";"11:28:00";"100";"Acidente s";"352";"BR-101/SC";"Sul";"Saída de pista";1;0;0;0;0;0;0;0;0;0;1;0;0;0;0
"17/10/2021";"01:08:00";"1";"Acidente s";"330";"BR-101/SC";"Norte";"Saída de pista";1;0;0;0;0;0;0;0;0;0;2;0;0;0;0
"17/10/2021";"07:32:00";"20";"Acidente s";"438";"BR-101/SC";"Norte";"Choque Defensa";1;0;0;0;0;0;0;0;0;0;2;0;0;0;0
"17/10/2021";"07:37:00";"21";"Acidente s";"450";"BR-101/SC";"Norte";"Saída de pista";1;0;0;0;0;0;0;0;0;0;1;0;0;0;0
"17/10/2021";"05:10:00";"75";"Acidente s";"435";"BR-101/SC";"Sul";"Choque com veículo no acostamento";1;0;0;0;0;0;0;0;0;1;2;0;0;0;0
"17/10/2021";"06:44:00";"88";"Acidente s";"332";"BR-101/SC";"Norte";"Choque Barreira";1;0;0;0;0;0;0;0;0;0;1;0;0;0;0
"17/10/2021";"11:39:00";"105";"Acidente s";"308";"BR-101/SC";"Sul";"Choque Barreira";1;0;0;0;0;0;0;0;0;0;2;0;0;0;0
"18/10/2021";"02:34:00";"62";"Acidente s";"336";"BR-101/SC";"Sul";"Colisão - Frontal";1;0;0;1;0;0;0;0;0;0;3;0;0;0;0
"19/10/2021";"08:39:00";"67";"Acidente s";"372";"BR-101/SC";"Sul";"Saída de pista";1;0;0;0;0;0;0;0;0;0;1;0;0;0;0
"19/10/2021";"02:30:00";"126";"Acidente c";"370";"BR-101/SC";"Sul";"Queda de moto";0;0;0;1;0;0;0;0;0;0;0;2;0;0;0
"19/10/2021";"05:53:00";"146";"Acidente c";"307";"BR-101/SC";"Norte";"Queda de moto";0;0;0;1;0;0;0;0;0;0;1;1;0;0;0
"19/10/2021";"06:21:00";"149";"Acidente s";"339";"BR-101/SC";"Ambos";"Colisão - Lateral";1;0;0;1;0;0;0;0;0;0;4;0;0;0;0
"19/10/2021";"08:41:00";"154";"Acidente c";"256";"BR-101/SC";"Sul";"Queda de moto";0;0;0;1;0;0;0;0;0;0;0;1;0;0;0
"20/10/2021";"09:34:00";"63";"Acidente c";"282";"BR-101/SC";"Sul";"Tombamento";0;0;0;0;0;0;0;1;0;0;0;1;0;0;0
"20/10/2021";"01:31:00";"101";"Acidente s";"331";"BR-101/SC";"Sul";"Colisão - Lateral";2;0;0;0;0;0;0;0;0;0;3;0;0;0;0
"20/10/2021";"03:53:00";"117";"Acidente s";"404";"BR-101/SC";"Norte";"Colisão - Transversal";1;0;0;0;0;0;0;1;0;0;2;0;0;0;0
"20/10/2021";"10:46:00";"155";"Acidente s";"393.7";"BR-101/SC";"Norte";"Saída de pista";1;0;0;0;0;0;0;0;0;0;1;0;0;0;0
"21/10/2021";"12:37:00";"4";"Acidente c";"280";"BR-101/SC";"Norte";"Capotamento";1;0;0;0;0;0;0;0;0;0;0;1;0;0;0
"21/10/2021";"12:41:00";"5";"Acidente c";"319";"BR-101/SC";"Sul";"Colisão - Traseira";1;0;0;0;0;0;0;0;0;0;1;0;1;0;0
"21/10/2021";"12:55:00";"85";"Acidente c";"282";"BR-101/SC";"Sul";"Colisão - Frontal";1;0;0;1;0;0;0;0;0;0;1;0;1;0;0
"21/10/2021";"05:51:00";"125";"Acidente s";"311";"BR-101/SC";"Sul";"Colisão - Lateral";2;0;0;0;0;0;0;0;0;0;3;0;0;0;0
"21/10/2021";"09:59:00";"153";"Acidente s";"264";"BR-101/SC";"Norte";"Colisão - Lateral";1;0;0;0;0;0;0;0;0;1;2;0;0;0;0
"22/10/2021";"07:29:00";"34";"Acidente s";"298";"BR-101/SC";"Norte";"Colisão - Traseira";1;0;0;0;0;0;0;0;0;1;3;0;0;0;0
"22/10/2021";"07:46:00";"37";"Acidente s";"330";"BR-101/SC";"Sul";"Colisão - Traseira";3;0;0;0;0;0;0;0;0;0;3;0;0;0;0
"22/10/2021";"07:51:00";"38";"Acidente c";"329";"BR-101/SC";"Sul";"Colisão - Traseira";2;0;0;0;0;0;0;0;0;0;1;0;1;0;0
"22/10/2021";"08:09:00";"42";"Acidente s";"328";"BR-101/SC";"Sul";"Colisão - Lateral";3;0;0;0;0;0;0;0;0;0;3;0;0;0;0
"22/10/2021";"09:15:00";"55";"Acidente c";"330";"BR-101/SC";"Sul";"Colisão - Traseira";1;0;0;0;0;0;0;0;0;1;1;1;0;0;0
"22/10/2021";"09:27:00";"58";"Acidente s";"284";"BR-101/SC";"Sul";"Colisão - Lateral";2;0;0;0;0;0;0;0;0;0;3;0;0;0;0
"22/10/2021";"02:20:00";"96";"Acidente s";"273.6";"BR-101/SC";"Norte";"Saída de pista";1;0;0;0;0;0;0;0;0;0;2;0;0;0;0
"22/10/2021";"08:05:00";"141";"Acidente c";"437.7";"BR-101/SC";"Sul";"Colisão - Frontal";1;0;0;1;0;0;0;0;0;0;1;1;0;0;0