data;horario;n_da_ocorrencia;tipo_de_ocorrencia;km;trecho;sentido;tipo_de_acidente;automovel;bicicleta;caminhao;moto;onibus;outros;tracao_animal;transporte_de_cargas_especiais;trator_maquinas;utilitarios;ilesos;levemente_feridos;moderadamente_feridos;gravemente_feridos;mortos
"31/08/2022";"11:37:00";"78";"Acidente s";"459";"BR-101/SC";"Ambos";"Saída de pista";1;0;0;0;0;0;0;0;0;0;3;0;0;0;0
"31/08/2022";"12:05:00";"79";"Acidente s";"331";"BR-101/SC";"Norte";"Colisão - Lateral";2;0;0;0;0;0;0;0;0;0;2;0;0;0;0
"31/08/2022";"06:09:00";"111";"Acidente c";"430";"BR-101/SC";"Sul";"Colisão - Traseira";1;0;0;1;0;0;0;1;0;0;2;0;0;0;1
"31/08/2022";"06:42:00";"112";"Acidente s";"381";"BR-101/SC";"Sul";"Colisão - Lateral";1;0;0;1;0;0;0;0;0;0;1;0;0;0;0
"01/09/2022";"08:07:00";"131";"Acidente c";"344";"BR-101/SC";"Sul";"Saída de pista";0;0;1;0;0;0;0;0;0;0;0;2;0;0;0
"02/09/2022";"11:18:00";"75";"Acidente s";"284.4";"BR-101/SC";"Norte";"Colisão - Lateral";2;0;0;0;0;0;0;0;0;0;6;0;0;0;0
"02/09/2022";"02:14:00";"97";"Acidente s";"329";"BR-101/SC";"Norte";"Saída de pista";0;0;0;0;0;0;0;0;0;1;1;0;0;0;0
"02/09/2022";"05:12:00";"116";"Acidente s";"253.5";"BR-101/SC";"Sul";"Saída de pista";1;0;0;0;0;0;0;0;0;0;1;0;0;0;0
"02/09/2022";"05:25:00";"120";"Acidente s";"331";"BR-101/SC";"Ambos";"Colisão - Lateral";1;0;0;1;0;0;0;0;0;0;3;0;0;0;0
"02/09/2022";"06:18:00";"125";"Acidente s";"424";"BR-101/SC";"Norte";"Colisão - Lateral";2;0;0;0;0;0;0;0;0;0;2;0;0;0;0
"02/09/2022";"08:24:00";"134";"Atropelame";"311";"BR-101/SC";"Sul";"Atropelamento - Usuário";0;0;0;1;0;0;0;0;0;0;1;0;1;0;0
"02/09/2022";"11:05:00";"140";"Acidente s";"400";"BR-101/SC";"Sul";"Colisão - Lateral";2;0;0;0;0;0;0;0;0;0;2;0;0;0;0
"02/09/2022";"11:20:00";"142";"Acidente s";"251";"BR-101/SC";"Sul";"Saída de pista";1;0;0;0;0;0;0;0;0;0;1;0;0;0;0
"03/09/2022";"03:53:00";"6";"Acidente c";"278";"BR-101/SC";"Norte";"Colisão - Traseira";1;0;1;0;0;0;0;0;0;0;0;0;0;0;1
"03/09/2022";"06:28:00";"12";"Acidente s";"385.5";"BR-101/SC";"Sul";"Choque Defensa";1;0;0;0;0;0;0;0;0;0;2;0;0;0;0
"03/09/2022";"07:23:00";"19";"Acidente s";"279";"BR-101/SC";"Sul";"Colisão - Traseira";0;0;0;0;0;0;0;0;0;1;3;0;0;0;0
"03/09/2022";"10:41:00";"47";"Acidente s";"433.5";"BR-101/SC";"Norte";"Colisão - Traseira";1;0;0;0;0;0;0;0;0;1;2;0;0;0;0
"03/09/2022";"04:44:00";"79";"Acidente s";"436";"BR-101/SC";"Sul";"Colisão - Traseira";1;0;0;1;0;0;0;0;0;0;2;0;0;0;0
"03/09/2022";"09:19:00";"102";"Acidente s";"298";"BR-101/SC";"Norte";"Choque Praça - Submarino";1;0;0;0;0;0;0;0;0;0;4;0;0;0;0
"04/09/2022";"02:39:00";"7";"Acidente s";"329";"BR-101/SC";"Sul";"Choque Barreira";1;0;0;0;0;0;0;0;0;0;4;0;0;0;0
"04/09/2022";"06:24:00";"12";"Acidente c";"441";"BR-101/SC";"Sul";"Capotamento";1;0;0;0;0;0;0;1;0;0;1;0;1;0;0
"04/09/2022";"06:37:00";"14";"Acidente s";"367";"BR-101/SC";"Sul";"Capotamento";1;0;0;0;0;0;0;0;0;0;1;0;0;0;0
"04/09/2022";"03:10:00";"59";"Acidente c";"440";"BR-101/SC";"Norte";"Capotamento";2;0;0;0;0;0;0;0;0;0;1;1;0;0;0
"04/09/2022";"08:07:00";"94";"Atropelame";"297";"BR-101/SC";"Norte";"Atropelamento - Usuário";1;0;0;0;0;0;0;0;0;0;3;0;0;0;0
"04/09/2022";"09:56:00";"103";"Acidente s";"434";"BR-101/SC";"Sul";"Colisão - Lateral";1;0;0;1;0;0;0;0;0;0;3;0;0;0;0
"04/09/2022";"10:33:00";"106";"Acidente c";"269";"BR-101/SC";"Sul";"Colisão - Lateral";2;0;0;0;0;0;0;0;0;0;1;2;0;0;0
"05/09/2022";"04:34:00";"103";"Acidente c";"416";"BR-101/SC";"Sul";"Colisão - Frontal";2;0;0;0;0;0;0;0;0;0;1;1;0;0;0
"06/09/2022";"03:01:00";"4";"Acidente c";"277";"BR-101/SC";"Norte";"Colisão - Traseira";0;0;0;0;0;0;0;1;0;1;1;0;1;0;0
"06/09/2022";"11:48:00";"53";"Acidente s";"265";"BR-101/SC";"Sul";"Colisão - Lateral";1;0;0;0;0;0;0;1;0;0;2;0;0;0;0
"06/09/2022";"03:29:00";"86";"Acidente c";"329";"BR-101/SC";"Sul";"Choque Barreira";1;0;0;0;0;0;0;0;0;0;0;2;1;0;0
"06/09/2022";"04:33:00";"93";"Acidente c";"327";"BR-101/SC";"Sul";"Colisão - Traseira";3;0;0;0;0;0;0;1;0;0;4;1;0;0;0
"06/09/2022";"08:22:00";"116";"Acidente s";"271";"BR-101/SC";"Sul";"Saída de pista";0;0;0;0;0;0;0;1;0;0;1;0;0;0;0
"06/09/2022";"11:29:00";"123";"Acidente s";"384";"BR-101/SC";"Sul";"Saída de pista";1;0;0;0;0;0;0;0;0;0;3;0;0;0;0
"07/09/2022";"01:41:00";"4";"Acidente s";"444";"BR-101/SC";"Sul";"Atropelamento de Animal";1;0;0;0;0;0;0;0;0;0;2;0;0;0;0
"07/09/2022";"02:06:00";"5";"Acidente s";"344";"BR-101/SC";"Norte";"Saída de pista";1;0;0;0;0;0;0;0;0;0;1;0;0;0;0
"07/09/2022";"04:43:00";"9";"Atropelame";"333";"BR-101/SC";"Norte";"Atropelamento - Andarilho";0;0;1;0;0;0;0;0;0;0;1;0;0;0;1
"07/09/2022";"06:13:00";"14";"Acidente c";"381";"BR-101/SC";"Norte";"Colisão - Traseira";1;0;0;1;0;0;0;0;0;0;1;0;0;0;1
"07/09/2022";"06:29:00";"15";"Acidente s";"331";"BR-101/SC";"Norte";"Saída de pista";1;0;0;0;0;0;0;0;0;0;1;0;0;0;0
"07/09/2022";"02:52:00";"70";"Acidente c";"257";"BR-101/SC";"Norte";"Capotamento";1;0;0;0;0;0;0;0;0;0;0;2;0;0;0
"07/09/2022";"06:55:00";"88";"Acidente s";"285";"BR-101/SC";"Norte";"Saída de pista";1;0;0;0;0;0;0;0;0;0;1;0;0;0;0
"08/09/2022";"05:50:00";"18";"Acidente c";"319.6";"BR-101/SC";"Sul";"Colisão - Frontal";0;0;0;1;0;0;0;0;0;0;1;1;0;0;0
"08/09/2022";"09:03:00";"57";"Acidente c";"298";"BR-101/SC";"Sul";"Colisão - Traseira";1;0;0;0;0;0;0;0;0;1;3;1;0;0;0
"09/09/2022";"07:20:00";"24";"Acidente s";"336";"BR-101/SC";"Sul";"Colisão - Traseira";1;0;0;0;0;0;0;0;0;1;2;0;0;0;0
"09/09/2022";"09:18:00";"64";"Acidente s";"258";"BR-101/SC";"Norte";"Saída de pista";1;0;0;0;0;0;0;0;0;0;1;0;0;0;0
"09/09/2022";"05:57:00";"118";"Acidente s";"426";"BR-101/SC";"Ambos";"Colisão - Lateral";1;0;0;0;0;0;0;0;0;1;3;0;0;0;0
"09/09/2022";"06:02:00";"119";"Atropelame";"334";"BR-101/SC";"Norte";"Atropelamento - Morador/Trabalhador/Estudante";1;0;0;1;0;0;0;0;0;0;2;0;0;0;0
"09/09/2022";"06:31:00";"123";"Acidente s";"464";"BR-101/SC";"Ambos";"Choque com objeto sobre a pista";2;0;0;0;0;0;0;0;0;2;5;0;0;0;0
"09/09/2022";"07:50:00";"137";"Acidente s";"356";"BR-101/SC";"Sul";"Saída de pista";1;0;0;0;0;0;0;0;0;0;2;0;0;0;0
"09/09/2022";"08:21:00";"142";"Acidente s";"344";"BR-101/SC";"Sul";"Saída de pista";1;0;0;0;0;0;0;0;0;0;2;0;0;0;0
"09/09/2022";"08:25:00";"143";"Acidente s";"383";"BR-101/SC";"Norte";"Saída de pista";1;0;0;0;0;0;0;0;0;0;1;0;0;0;0
"09/09/2022";"09:00:00";"148";"Acidente s";"324";"BR-101/SC";"Sul";"Saída de pista";0;0;1;0;0;0;0;0;0;0;1;0;0;0;0
"09/09/2022";"09:09:00";"149";"Acidente s";"391";"BR-101/SC";"Sul";"Colisão - Lateral";1;0;1;0;0;0;0;0;0;0;4;0;0;0;0
"10/09/2022";"10:06:00";"41";"Acidente s";"372";"BR-101/SC";"Sul";"Colisão - Traseira";1;0;0;0;0;0;0;0;0;2;6;0;0;0;0
"10/09/2022";"06:40:00";"91";"Acidente s";"252";"BR-101/SC";"Sul";"Colisão - Lateral";1;0;0;0;0;0;0;1;0;0;3;0;0;0;0
"10/09/2022";"07:02:00";"90";"Atropelame";"308";"BR-101/SC";"Norte";"Atropelamento - Usuário";2;0;0;0;0;0;0;0;0;0;3;0;0;0;1
"10/09/2022";"07:55:00";"94";"Acidente s";"276";"BR-101/SC";"Norte";"Saída de pista";1;0;0;0;0;0;0;0;0;0;1;0;0;0;0
"10/09/2022";"08:41:00";"96";"Acidente c";"316";"BR-101/SC";"Sul";"Colisão - Traseira";2;0;0;0;0;0;0;0;0;0;1;4;0;0;0
"10/09/2022";"09:29:00";"102";"Acidente c";"306";"BR-101/SC";"Norte";"Colisão - Traseira";1;0;1;0;0;0;0;0;0;0;1;0;1;0;0
"10/09/2022";"10:15:00";"104";"Acidente s";"402";"BR-101/SC";"Norte";"Capotamento";1;0;0;0;0;0;0;0;0;0;4;0;0;0;0
"10/09/2022";"10:19:00";"105";"Acidente s";"290";"BR-101/SC";"Norte";"Colisão - Lateral";1;0;1;0;0;0;0;0;0;0;2;0;0;0;0
"11/09/2022";"04:56:00";"16";"Atropelame";"383";"BR-101/SC";"Sul";"Atropelamento - Usuário";1;0;0;0;0;0;0;0;0;0;2;1;0;0;0
"11/09/2022";"06:30:00";"21";"Acidente s";"350";"BR-101/SC";"Sul";"Saída de pista";1;0;0;0;0;0;0;0;0;0;1;0;0;0;0
"11/09/2022";"07:37:00";"28";"Acidente s";"277";"BR-101/SC";"Sul";"Colisão - Frontal";2;0;0;0;0;0;0;0;0;0;3;0;0;0;0
"11/09/2022";"10:29:00";"105";"Acidente s";"416";"BR-101/SC";"Norte";"Colisão - Lateral";1;0;0;0;0;0;0;1;0;0;2;0;0;0;0
"12/09/2022";"02:41:00";"9";"Acidente c";"415";"BR-101/SC";"Norte";"Saída de pista";1;0;0;0;0;0;0;0;0;0;2;2;0;0;0
"12/09/2022";"08:59:00";"124";"Acidente s";"360";"BR-101/SC";"Sul";"Saída de pista";1;0;0;0;0;0;0;0;0;0;1;0;0;0;0
"13/09/2022";"10:31:00";"54";"Acidente s";"276";"BR-101/SC";"Sul";"Saída de pista";1;0;0;0;1;0;0;0;0;0;1;0;0;0;0
"13/09/2022";"01:31:00";"76";"Acidente c";"276";"BR-101/SC";"Sul";"Colisão - Frontal";1;0;0;1;0;0;0;0;0;0;1;0;1;0;0
"13/09/2022";"05:27:00";"99";"Acidente c";"357";"BR-101/SC";"Norte";"Colisão - Lateral";1;0;0;1;0;0;0;0;0;0;1;1;0;0;0
"14/09/2022";"07:50:00";"31";"Acidente s";"348.3";"BR-101/SC";"Sul";"Saída de pista";0;0;0;0;0;0;0;0;0;1;1;0;0;0;0
"14/09/2022";"05:35:00";"123";"Acidente c";"342";"BR-101/SC";"Sul";"Colisão - Lateral";1;0;0;1;0;0;0;0;0;0;1;2;0;0;0
"14/09/2022";"08:18:00";"141";"Acidente s";"362";"BR-101/SC";"Norte";"Colisão - Traseira";1;0;0;0;0;0;0;1;0;0;2;0;0;0;0
"15/09/2022";"02:42:00";"10";"Acidente s";"416";"BR-101/SC";"Norte";"Choque Barreira";1;0;0;0;0;0;0;0;0;0;2;0;0;0;0
"15/09/2022";"06:18:00";"17";"Acidente c";"460";"BR-101/SC";"Norte";"Saída de pista";0;0;0;0;0;0;0;1;0;0;0;0;1;0;0
"15/09/2022";"07:29:00";"27";"Acidente s";"402";"BR-101/SC";"Norte";"Colisão - Traseira";2;0;0;0;0;0;0;0;0;0;1;0;0;0;0
"15/09/2022";"08:21:00";"41";"Acidente s";"339";"BR-101/SC";"Norte";"Colisão - Traseira";2;0;0;0;0;0;0;0;0;0;5;0;0;0;0
"15/09/2022";"10:05:00";"65";"Acidente s";"328";"BR-101/SC";"Sul";"Colisão - Traseira";1;0;0;0;0;0;0;0;0;1;3;0;0;0;0
"15/09/2022";"11:14:00";"74";"Acidente s";"447.5";"BR-101/SC";"Sul";"Colisão - Traseira";1;0;0;0;0;0;0;0;0;0;3;0;0;0;0
"15/09/2022";"11:58:00";"82";"Acidente s";"262";"BR-101/SC";"Norte";"Saída de pista";1;0;0;0;0;0;0;0;0;0;4;0;0;0;0
"15/09/2022";"01:03:00";"87";"Acidente s";"309";"BR-101/SC";"Norte";"Choque Barreira";1;0;0;0;0;0;0;0;0;0;1;0;0;0;0
"15/09/2022";"05:55:00";"119";"Acidente s";"308";"BR-101/SC";"Norte";"Colisão - Frontal";2;0;0;0;0;0;0;0;0;0;2;0;0;0;0
"15/09/2022";"07:15:00";"122";"Acidente c";"434";"BR-101/SC";"Ambos";"Colisão - Lateral";1;0;0;1;0;0;0;0;0;0;1;0;1;0;0
"15/09/2022";"09:02:00";"131";"Acidente s";"298.6";"BR-101/SC";"Norte";"Choque Defensa";0;0;0;0;0;0;0;0;0;1;1;0;0;0;0
"16/09/2022";"03:11:00";"7";"Acidente c";"460";"BR-101/SC";"Norte";"Saída de pista";1;0;0;0;0;0;0;0;0;0;0;0;1;0;0
"16/09/2022";"08:20:00";"41";"Acidente s";"358";"BR-101/SC";"Norte";"Colisão - Lateral";2;0;0;0;0;0;0;0;0;0;3;0;0;0;0
"16/09/2022";"11:23:00";"77";"Acidente s";"350";"BR-101/SC";"Sul";"Saída de pista";1;0;0;0;0;0;0;0;0;0;1;0;0;0;0
"16/09/2022";"11:54:00";"87";"Acidente s";"397";"BR-101/SC";"Sul";"Colisão - Lateral";2;0;0;0;0;0;0;0;0;0;4;0;0;0;0
"16/09/2022";"07:18:00";"127";"Acidente s";"410";"BR-101/SC";"Ambos";"Tombamento";0;0;0;0;0;0;0;0;0;1;1;0;0;0;0
"16/09/2022";"11:31:00";"154";"Acidente s";"316";"BR-101/SC";"Sul";"Colisão - Traseira";2;0;0;0;0;0;0;0;0;0;2;0;0;0;0
"17/09/2022";"03:40:00";"16";"Acidente s";"260";"BR-101/SC";"Norte";"Saída de pista";1;0;0;0;0;0;0;0;0;0;1;0;0;0;0
"17/09/2022";"08:50:00";"49";"Acidente c";"293";"BR-101/SC";"Norte";"Queda de moto";0;0;0;1;0;0;0;0;0;0;0;1;0;0;0
"17/09/2022";"06:49:00";"127";"Acidente c";"357";"BR-101/SC";"Norte";"Colisão - Lateral";1;0;0;1;0;0;0;0;0;0;1;1;0;0;0
"18/09/2022";"01:53:00";"5";"Acidente c";"287";"BR-101/SC";"Norte";"Saída de pista";0;0;0;0;0;0;0;0;0;1;0;0;0;0;1
"18/09/2022";"05:00:00";"9";"Acidente s";"373";"BR-101/SC";"Sul";"Saída de pista";1;0;0;0;0;0;0;0;0;0;1;0;0;0;0
"18/09/2022";"07:24:00";"19";"Acidente s";"442";"BR-101/SC";"Sul";"Saída de pista";1;0;0;0;0;0;0;0;0;0;1;0;0;0;0
"18/09/2022";"10:55:00";"50";"Acidente c";"364.8";"BR-101/SC";"Norte";"Queda de moto";0;0;0;1;0;0;0;0;0;0;0;0;1;0;0
"18/09/2022";"08:11:00";"107";"Acidente s";"290";"BR-101/SC";"Sul";"Saída de pista";1;0;0;0;0;0;0;0;0;0;1;0;0;0;0
"18/09/2022";"11:49:00";"122";"Acidente c";"328";"BR-101/SC";"Sul";"Queda de moto";0;0;0;1;0;0;0;0;0;0;0;0;2;0;0
"19/09/2022";"01:23:00";"3";"Acidente c";"338";"BR-101/SC";"Sul";"Saída de pista";1;0;0;0;0;0;0;0;0;0;1;1;0;0;0
"19/09/2022";"06:04:00";"12";"Acidente s";"251";"BR-101/SC";"Norte";"Saída de pista";1;0;0;0;0;0;0;0;0;0;3;0;0;0;0
"19/09/2022";"05:44:00";"105";"Acidente s";"413";"BR-101/SC";"Norte";"Colisão - Lateral";1;0;0;0;0;0;0;0;0;1;2;0;0;0;0
"19/09/2022";"05:50:00";"106";"Acidente s";"378";"BR-101/SC";"Sul";"Saída de pista";1;0;0;0;0;0;0;0;0;0;1;0;0;0;0
"19/09/2022";"08:29:00";"126";"Acidente c";"278";"BR-101/SC";"Norte";"Saída de pista";2;0;0;0;0;0;0;0;0;0;2;1;0;0;0
"20/09/2022";"06:47:00";"120";"Acidente c";"314";"BR-101/SC";"Sul";"Colisão - Frontal";1;0;0;1;0;0;0;0;0;0;1;0;0;0;1
"21/09/2022";"01:19:00";"9";"Acidente s";"448";"BR-101/SC";"Norte";"Saída de pista";1;0;0;0;0;0;0;0;0;0;1;0;0;0;0
"21/09/2022";"01:47:00";"12";"Acidente s";"350";"BR-101/SC";"Sul";"Saída de pista";1;0;0;0;0;0;0;0;0;0;6;0;0;0;0
"21/09/2022";"06:45:00";"25";"Acidente c";"349";"BR-101/SC";"Norte";"Saída de pista";1;0;0;0;0;0;0;0;0;0;2;0;1;0;0
"21/09/2022";"09:03:00";"55";"Acidente s";"393";"BR-101/SC";"Norte";"Queda de moto";0;0;0;1;0;0;0;0;0;0;1;0;0;0;0
"21/09/2022";"05:46:00";"119";"Acidente c";"336";"BR-101/SC";"Norte";"Colisão - Traseira";1;0;0;0;0;0;0;1;0;0;2;1;0;0;0
"21/09/2022";"06:00:00";"121";"Acidente s";"327";"BR-101/SC";"Norte";"Colisão - Lateral";2;0;0;0;0;0;0;0;0;0;2;0;0;0;0
"21/09/2022";"06:44:00";"125";"Acidente c";"327";"BR-101/SC";"Sul";"Colisão - Lateral";1;0;0;1;0;0;0;0;0;0;1;0;1;0;0
"21/09/2022";"07:04:00";"129";"Acidente s";"448";"BR-101/SC";"Norte";"Choque com objeto sobre a pista";1;0;0;0;0;0;0;0;0;1;4;0;0;0;0
"21/09/2022";"07:14:00";"130";"Acidente c";"277";"BR-101/SC";"Norte";"Colisão - Traseira";1;0;0;0;0;0;0;0;0;0;2;1;0;0;0
"22/09/2022";"05:03:00";"10";"Acidente s";"405";"BR-101/SC";"Norte";"Colisão - Traseira";0;0;1;0;0;0;0;0;0;1;2;0;0;0;0
"22/09/2022";"12:23:00";"79";"Acidente c";"333";"BR-101/SC";"Sul";"Colisão - Transversal";1;0;0;1;0;0;0;0;0;0;2;0;1;0;0
"22/09/2022";"12:54:00";"85";"Acidente s";"333";"BR-101/SC";"Sul";"Colisão - Traseira";1;0;0;0;0;0;0;0;0;1;1;0;0;0;0
"22/09/2022";"02:39:00";"100";"Acidente s";"298";"BR-101/SC";"Norte";"Colisão - Traseira";0;0;0;0;0;0;0;1;0;1;2;0;0;0;0
"22/09/2022";"09:37:00";"121";"Acidente c";"271";"BR-101/SC";"Sul";"Colisão - Traseira";2;0;0;0;0;0;0;0;0;0;2;1;0;0;0
"23/09/2022";"07:02:00";"23";"Acidente s";"435";"BR-101/SC";"Norte";"Colisão - Transversal";1;0;0;1;0;0;0;0;0;0;3;0;0;0;0
"23/09/2022";"07:08:00";"24";"Acidente c";"318.5";"BR-101/SC";"Sul";"Colisão - Lateral";1;0;0;0;0;0;0;0;0;1;2;2;0;0;0
"23/09/2022";"12:16:00";"94";"Acidente c";"320.9";"BR-101/SC";"Norte";"Colisão - Traseira";3;0;0;0;0;0;0;0;0;1;3;1;1;0;0
"23/09/2022";"12:29:00";"96";"Acidente c";"291";"BR-101/SC";"Sul";"Colisão - Traseira";1;0;0;1;0;0;0;0;0;0;1;1;0;0;0
"23/09/2022";"01:41:00";"110";"Acidente c";"322";"BR-101/SC";"Norte";"Colisão - Traseira";0;0;0;1;0;0;0;0;0;0;1;0;1;0;0
"23/09/2022";"07:34:00";"152";"Acidente s";"286";"BR-101/SC";"Norte";"Colisão - Traseira";0;0;0;0;0;0;0;1;0;1;2;0;0;0;0
"23/09/2022";"07:48:00";"155";"Acidente s";"286";"BR-101/SC";"Norte";"Choque Barreira";2;0;0;0;0;0;0;0;0;0;3;0;0;0;0
"23/09/2022";"10:15:00";"168";"Acidente s";"345";"BR-101/SC";"Norte";"Tombamento";0;0;0;0;0;0;0;1;0;0;1;0;0;0;0
"23/09/2022";"10:46:00";"175";"Acidente s";"358";"BR-101/SC";"Norte";"Colisão - Lateral";2;0;0;0;0;0;0;0;0;0;2;0;0;0;0
"24/09/2022";"02:18:00";"7";"Acidente s";"268";"BR-101/SC";"Sul";"Tombamento";0;0;0;0;0;0;0;0;0;1;0;1;0;0;0
"24/09/2022";"05:52:00";"17";"Acidente c";"280";"BR-101/SC";"Norte";"Colisão - Traseira";2;0;0;0;0;0;0;0;0;0;0;8;0;0;0
"24/09/2022";"11:15:00";"63";"Acidente s";"334";"BR-101/SC";"Norte";"Colisão - Traseira";1;0;0;0;0;0;0;1;0;0;2;0;0;0;0
"24/09/2022";"02:23:00";"77";"Acidente s";"333";"BR-101/SC";"Sul";"Colisão - Lateral";2;0;0;0;0;0;0;0;0;0;3;0;0;0;0
"24/09/2022";"03:12:00";"83";"Acidente c";"383";"BR-101/SC";"Sul";"Colisão - Traseira";2;0;0;0;0;0;0;0;0;0;2;0;3;0;0
"24/09/2022";"05:13:00";"99";"Acidente s";"333";"BR-101/SC";"Sul";"Colisão - Lateral";1;0;0;0;0;0;0;1;0;0;4;0;0;0;0
"24/09/2022";"11:28:00";"123";"Acidente c";"367";"BR-101/SC";"Norte";"Colisão - Lateral";1;0;0;1;0;0;0;0;0;0;1;1;0;0;0
"25/09/2022";"12:51:00";"7";"Acidente c";"344";"BR-101/SC";"Norte";"Queda de moto";0;0;0;1;0;0;0;0;0;0;0;1;0;0;0
"25/09/2022";"03:31:00";"14";"Acidente s";"389";"BR-101/SC";"Sul";"Saída de pista";1;0;0;0;0;0;0;0;0;0;1;0;0;0;0
"25/09/2022";"05:07:00";"17";"Acidente s";"324";"BR-101/SC";"Sul";"Atropelamento de Animal";1;0;0;0;0;0;0;0;0;0;5;0;0;0;0
"25/09/2022";"04:38:00";"72";"Acidente s";"404";"BR-101/SC";"Sul";"Colisão - Lateral";1;0;0;0;0;0;0;1;0;0;3;0;0;0;0
"25/09/2022";"07:06:00";"90";"Acidente s";"358";"BR-101/SC";"Sul";"Atropelamento de Animal";0;0;0;0;0;0;0;0;0;1;1;0;0;0;0
"25/09/2022";"08:17:00";"101";"Acidente s";"296";"BR-101/SC";"Sul";"Saída de pista";1;0;0;0;0;0;0;0;0;0;1;0;0;0;0
"26/09/2022";"03:20:00";"9";"Acidente s";"410";"BR-101/SC";"Norte";"Atropelamento de Animal";2;0;0;0;0;0;0;0;0;0;11;0;0;0;0
"26/09/2022";"03:58:00";"11";"Acidente s";"245";"BR-101/SC";"Norte";"Saída de pista";1;0;0;0;0;0;0;0;0;0;1;0;0;0;0
"26/09/2022";"05:13:00";"107";"Acidente s";"288";"BR-101/SC";"Sul";"Colisão - Traseira";2;0;0;0;0;0;0;0;0;0;3;0;0;0;0
"26/09/2022";"09:41:00";"130";"Acidente s";"364.7";"BR-101/SC";"Sul";"Saída de pista";0;0;0;0;0;0;0;0;0;1;1;0;0;0;0
"26/09/2022";"10:54:00";"136";"Acidente s";"417";"BR-101/SC";"Sul";"Colisão - Lateral";2;0;0;0;0;0;0;1;0;1;4;0;0;0;0
"27/09/2022";"11:57:00";"82";"Acidente s";"335";"BR-101/SC";"Sul";"Colisão - Lateral";2;0;0;0;0;0;0;0;0;0;2;0;0;0;0
"27/09/2022";"02:46:00";"104";"Acidente s";"344";"BR-101/SC";"Norte";"Colisão - Traseira";2;0;0;0;0;0;0;0;0;0;3;0;0;0;0
"27/09/2022";"10:33:00";"140";"Acidente s";"298";"BR-101/SC";"Sul";"Choque Praça - Cabine";0;0;0;0;0;0;0;0;0;1;3;0;0;0;0
"27/09/2022";"11:15:00";"141";"Acidente c";"275";"BR-101/SC";"Sul";"Capotamento";1;0;0;0;0;0;0;0;0;0;0;0;0;1;0
"28/09/2022";"07:54:00";"40";"Acidente s";"330";"BR-101/SC";"Sul";"Saída de pista";1;0;0;0;0;0;0;0;0;0;1;0;0;0;0
"28/09/2022";"08:55:00";"133";"Acidente s";"388";"BR-101/SC";"Norte";"Saída de pista";1;0;0;0;0;0;0;0;0;0;1;0;0;0;0
"28/09/2022";"09:06:00";"134";"Acidente s";"395";"BR-101/SC";"Ambos";"Colisão - Traseira";1;0;0;0;0;0;0;0;0;1;2;0;0;0;0
"28/09/2022";"11:27:00";"144";"Acidente s";"256.8";"BR-101/SC";"Sul";"Saída de pista";0;0;0;0;0;0;0;1;0;0;1;0;0;0;0
"29/09/2022";"12:40:00";"94";"Acidente s";"385";"BR-101/SC";"Norte";"Saída de pista";1;0;0;0;0;0;0;0;0;0;1;0;0;0;0
"29/09/2022";"01:20:00";"99";"Acidente s";"339";"BR-101/SC";"Norte";"Saída de pista";1;0;0;0;0;0;0;0;0;0;2;0;0;0;0
"29/09/2022";"02:29:00";"110";"Acidente s";"282";"BR-101/SC";"Norte";"Colisão - Traseira";1;0;0;1;0;0;0;0;0;0;2;0;0;0;0
"29/09/2022";"03:36:00";"121";"Acidente s";"350";"BR-101/SC";"Sul";"Saída de pista";1;0;0;0;0;0;0;0;0;0;1;0;0;0;0
"29/09/2022";"09:49:00";"141";"Acidente s";"416.7";"BR-101/SC";"Sul";"Saída de pista";0;0;0;0;0;0;0;1;0;0;1;0;0;0;0
"29/09/2022";"09:59:00";"142";"Acidente s";"345";"BR-101/SC";"Norte";"Saída de pista";1;0;0;0;0;0;0;0;0;0;1;0;0;0;0
"29/09/2022";"10:18:00";"143";"Acidente c";"420";"BR-101/SC";"Norte";"Colisão - Traseira";0;0;0;0;0;0;0;0;0;1;1;0;0;1;0
"30/09/2022";"01:04:00";"7";"Acidente c";"318";"BR-101/SC";"Sul";"Saída de pista";0;0;0;0;0;0;0;1;0;0;0;0;1;0;0
"30/09/2022";"07:31:00";"156";"Acidente s";"272";"BR-101/SC";"Norte";"Saída de pista";1;0;0;0;0;0;0;0;0;0;1;0;0;0;0
"30/09/2022";"07:50:00";"157";"Acidente s";"444";"BR-101/SC";"Sul";"Saída de pista";1;0;0;0;0;0;0;0;0;0;2;0;0;0;0
"30/09/2022";"10:14:00";"170";"Acidente c";"416";"BR-101/SC";"Norte";"Colisão - Frontal";0;0;0;2;0;0;0;0;0;0;1;0;0;1;0
"01/10/2022";"09:35:00";"35";"Acidente s";"274";"BR-101/SC";"Sul";"Choque Barreira";0;0;0;0;0;0;0;0;0;0;1;0;0;0;0
"01/10/2022";"03:40:00";"73";"Acidente s";"258.9";"BR-101/SC";"Sul";"Queda de ribanceira";0;0;0;0;0;0;0;0;0;0;1;0;0;0;0
"01/10/2022";"03:47:00";"74";"Acidente s";"444.65";"BR-101/SC";"Norte";"Choque Barreira";0;0;0;0;0;0;0;0;0;0;1;0;0;0;0
"01/10/2022";"07:04:00";"84";"Acidente s";"344";"BR-101/SC";"Sul";"Saída de pista";0;0;0;0;0;0;0;0;0;0;2;0;0;0;0
"01/10/2022";"08:56:00";"93";"Acidente s";"263.95";"BR-101/SC";"Sul";"Colisão - Traseira";0;0;0;0;0;0;0;0;0;0;2;0;0;0;0
"01/10/2022";"11:27:00";"106";"Acidente s";"314";"BR-101/SC";"Sul";"Saída de pista";0;0;0;0;0;0;0;0;0;0;1;0;0;0;0