data;horario;n_da_ocorrencia;tipo_de_ocorrencia;km;trecho;sentido;tipo_de_acidente;automovel;bicicleta;caminhao;moto;onibus;outros;tracao_animal;transporte_de_cargas_especiais;trator_maquinas;utilitarios;ilesos;levemente_feridos;moderadamente_feridos;gravemente_feridos;mortos
"22/10/2023";"02:31:00";"73";"Acidente s";"344";"BR-101/SC";"Sul";"Colisão - Traseira";1;0;1;0;0;0;0;0;0;0;5;0;0;0;0
"22/10/2023";"07:24:00";"99";"Acidente s";"331.6";"BR-101/SC";"Sul";"Engavetamento";3;0;0;0;0;0;0;0;0;0;9;0;0;0;0
"22/10/2023";"08:04:00";"101";"Acidente s";"330.5";"BR-101/SC";"Sul";"Saída de pista";1;0;0;0;0;0;0;0;0;0;3;0;0;0;0
"23/10/2023";"12:21:00";"110";"Acidente c";"440.7";"BR-101/SC";"Norte";"Queda de moto";0;0;0;1;0;0;0;0;0;0;0;0;1;0;0
"23/10/2023";"04:37:00";"143";"Acidente c";"320";"BR-101/SC";"Sul";"Queda de moto";0;0;0;1;0;0;0;0;0;0;0;0;1;0;0
"23/10/2023";"08:10:00";"159";"Acidente c";"358";"BR-101/SC";"Sul";"Colisão - Traseira";1;0;1;0;0;0;0;0;0;0;2;2;0;0;0
"23/10/2023";"09:04:00";"161";"Acidente s";"420";"BR-101/SC";"Norte";"Saída de pista";1;0;0;0;0;0;0;0;0;0;1;0;0;0;0
"23/10/2023";"10:02:00";"164";"Acidente s";"384";"BR-101/SC";"Norte";"Atropelamento de Animal";1;0;0;0;0;0;0;0;0;0;2;0;0;0;0
"23/10/2023";"10:52:00";"167";"Acidente c";"325";"BR-101/SC";"Sul";"Colisão - Traseira";1;0;1;0;0;0;0;0;0;0;1;0;1;0;0
"24/10/2023";"12:32:00";"2";"Acidente s";"249.8";"BR-101/SC";"Sul";"Choque Defensa";1;0;0;0;0;0;0;0;0;0;1;0;0;0;0
"24/10/2023";"10:05:00";"88";"Acidente c";"426.05";"BR-101/SC";"Norte";"Saída de pista";1;0;0;0;0;0;0;0;0;0;0;1;0;0;0
"24/10/2023";"07:26:00";"157";"Acidente s";"325";"BR-101/SC";"Norte";"Atropelamento de Animal";1;0;0;0;0;0;0;0;0;0;1;0;0;0;0
"24/10/2023";"07:44:00";"158";"Acidente c";"323";"BR-101/SC";"Norte";"Queda de moto";0;0;0;1;0;0;0;0;0;0;0;0;1;0;0
"25/10/2023";"08:10:00";"55";"Acidente c";"331";"BR-101/SC";"Sul";"Queda de moto";0;0;0;1;0;0;0;0;0;0;0;1;0;0;0
"25/10/2023";"08:23:00";"57";"Acidente c";"266";"BR-101/SC";"Sul";"Colisão - Frontal";1;0;0;1;0;0;0;0;0;0;0;1;0;1;0
"25/10/2023";"07:30:00";"129";"Acidente s";"298";"BR-101/SC";"Norte";"Colisão - Lateral";1;0;1;0;0;0;0;0;0;0;3;0;0;0;0
"25/10/2023";"10:11:00";"138";"Acidente s";"385";"BR-101/SC";"Sul";"Colisão - Traseira";1;0;0;1;0;0;0;0;0;0;4;0;0;0;0
"26/10/2023";"01:06:00";"103";"Atropelame";"334";"BR-101/SC";"Sul";"Atropelamento - Esportista";1;0;0;0;0;0;0;0;0;0;1;2;0;0;0
"26/10/2023";"08:51:00";"146";"Acidente c";"336.1";"BR-101/SC";"Sul";"Capotamento";1;0;0;0;0;0;0;0;0;0;0;1;1;1;0
"27/10/2023";"01:59:00";"4";"Acidente c";"327.4";"BR-101/SC";"Sul";"Choque Barreira";0;0;1;0;0;0;0;0;0;0;0;0;1;0;0
"27/10/2023";"05:45:00";"7";"Acidente c";"288";"BR-101/SC";"Sul";"Queda de moto";0;0;0;1;0;0;0;0;0;0;0;1;0;0;0
"27/10/2023";"07:42:00";"34";"Acidente c";"326.6";"BR-101/SC";"Sul";"Colisão - Traseira";2;0;0;0;0;0;0;0;0;0;1;0;1;0;0
"27/10/2023";"08:15:00";"46";"Acidente s";"325.9";"BR-101/SC";"Sul";"Colisão - Traseira";2;0;0;0;0;0;0;0;0;0;3;0;0;0;0
"27/10/2023";"12:07:00";"91";"Acidente c";"404.95";"BR-101/SC";"Norte";"Queda de moto";0;0;0;1;0;0;0;0;0;0;1;1;0;0;0
"27/10/2023";"01:13:00";"97";"Acidente c";"405.2";"BR-101/SC";"Norte";"Capotamento";1;0;0;0;0;0;0;0;0;0;0;1;1;0;0
"27/10/2023";"03:58:00";"114";"Acidente s";"344";"BR-101/SC";"Norte";"Choque Praça - Submarino";0;0;1;0;0;0;0;0;0;0;1;0;0;0;0
"27/10/2023";"06:31:00";"128";"Acidente s";"327";"BR-101/SC";"Sul";"Colisão - Traseira";1;0;1;0;0;0;0;0;0;0;2;0;0;0;0
"27/10/2023";"07:18:00";"129";"Acidente c";"460";"BR-101/SC";"Sul";"Capotamento";1;0;0;0;0;0;0;0;0;0;0;1;0;0;0
"27/10/2023";"10:36:00";"144";"Acidente s";"390";"BR-101/SC";"Norte";"Choque Defensa";1;0;0;0;0;0;0;0;0;0;1;0;0;0;0
"28/10/2023";"04:01:00";"13";"Acidente s";"275";"BR-101/SC";"Norte";"Capotamento";1;0;0;0;0;0;0;0;0;0;2;0;0;0;0
"28/10/2023";"08:10:00";"29";"Acidente s";"451";"BR-101/SC";"Sul";"Colisão - Lateral";1;0;1;0;0;0;0;0;0;0;2;0;0;0;0
"28/10/2023";"11:27:00";"53";"Acidente c";"368";"BR-101/SC";"Sul";"Choque Barreira";1;0;0;0;0;0;0;0;0;0;0;1;0;0;0
"28/10/2023";"01:25:00";"59";"Acidente s";"335.3";"BR-101/SC";"Norte";"Choque Barreira";1;0;0;0;0;0;0;0;0;0;2;0;0;0;0
"28/10/2023";"03:51:00";"71";"Atropelame";"438";"BR-101/SC";"Sul";"Atropelamento de pedestre";0;0;1;0;0;0;0;0;0;0;1;0;0;0;1
"28/10/2023";"04:43:00";"75";"Acidente s";"246";"BR-101/SC";"Sul";"Saída de pista";1;0;0;0;0;0;0;0;0;0;5;0;0;0;0
"28/10/2023";"05:14:00";"79";"Acidente s";"334";"BR-101/SC";"Sul";"Colisão - Traseira";2;0;0;0;0;0;0;0;0;0;3;0;0;0;0
"29/10/2023";"03:43:00";"9";"Acidente s";"314";"BR-101/SC";"Sul";"Colisão - Traseira";2;0;0;0;0;0;0;0;0;0;2;0;0;0;0
"29/10/2023";"04:51:00";"12";"Acidente s";"349.9";"BR-101/SC";"Norte";"Saída de pista";1;0;0;0;0;0;0;0;0;0;1;0;0;0;0
"29/10/2023";"06:49:00";"20";"Acidente c";"322.4";"BR-101/SC";"Norte";"Capotamento";1;0;0;0;0;0;0;0;0;0;0;0;0;1;0
"29/10/2023";"06:51:00";"21";"Acidente s";"328.09";"BR-101/SC";"Norte";"Colisão - Traseira";1;0;1;0;0;0;0;0;0;0;24;0;0;0;0
"29/10/2023";"05:35:00";"100";"Acidente s";"404";"BR-101/SC";"Sul";"Colisão - Traseira";2;0;0;0;0;0;0;0;0;0;5;0;0;0;0
"29/10/2023";"06:14:00";"103";"Acidente s";"344";"BR-101/SC";"Norte";"Colisão - Traseira";2;0;0;0;0;0;0;0;0;0;5;0;0;0;0
"30/10/2023";"08:23:00";"58";"Acidente c";"332";"BR-101/SC";"Sul";"Queda de moto";0;0;0;1;0;0;0;0;0;0;0;1;0;0;0
"30/10/2023";"11:06:00";"91";"Acidente s";"272";"BR-101/SC";"Sul";"Engavetamento";3;0;0;0;0;0;0;0;0;0;5;0;0;0;0
"30/10/2023";"01:47:00";"104";"Acidente s";"404";"BR-101/SC";"Norte";"Colisão - Traseira";2;0;0;0;0;0;0;0;0;0;7;0;0;0;0
"30/10/2023";"04:32:00";"115";"Acidente s";"307";"BR-101/SC";"Norte";"Saída de pista";1;0;0;0;0;0;0;0;0;0;2;0;0;0;0
"31/10/2023";"02:26:00";"3";"Acidente s";"296.9";"BR-101/SC";"Sul";"Choque Barreira";0;0;1;0;0;0;0;0;0;0;1;0;0;0;0
"31/10/2023";"04:25:00";"7";"Acidente c";"296.9";"BR-101/SC";"Sul";"Colisão - Traseira";1;0;1;0;0;0;0;0;0;0;1;1;0;0;0
"31/10/2023";"08:42:00";"36";"Acidente s";"345";"BR-101/SC";"Norte";"Colisão - Traseira";1;0;1;0;0;0;0;0;0;0;2;0;0;0;0
"31/10/2023";"11:55:00";"55";"Acidente s";"331";"BR-101/SC";"Norte";"Colisão - Traseira";1;0;1;0;0;0;0;0;0;0;1;0;0;0;0
"31/10/2023";"02:32:00";"70";"Acidente c";"335.6";"BR-101/SC";"Norte";"Choque Barreira";1;0;0;0;0;0;0;0;0;0;0;0;1;0;0
"31/10/2023";"05:19:00";"94";"Acidente c";"311";"BR-101/SC";"Sul";"Queda de moto";0;0;0;1;0;0;0;0;0;0;0;1;0;0;0
"01/11/2023";"12:55:00";"3";"Acidente s";"315";"BR-101/SC";"Sul";"Saída de pista";1;0;0;0;0;0;0;0;0;0;1;0;0;0;0
"01/11/2023";"08:11:00";"45";"Acidente s";"349";"BR-101/SC";"Norte";"Colisão - Lateral";1;0;0;1;0;0;0;0;0;0;5;0;0;0;0
"01/11/2023";"12:19:00";"80";"Acidente s";"436";"BR-101/SC";"Sul";"Choque Barreira";1;0;0;0;0;0;0;0;0;0;1;0;0;0;0
"01/11/2023";"12:28:00";"81";"Acidente s";"436";"BR-101/SC";"Sul";"Choque com veículo na faixa de rolamento";1;0;0;0;0;0;0;0;0;0;1;0;0;0;0
"01/11/2023";"01:43:00";"85";"Acidente s";"265";"BR-101/SC";"Sul";"Saída de pista";1;0;0;0;0;0;0;0;0;0;1;0;0;0;0
"01/11/2023";"09:27:00";"122";"Acidente c";"404";"BR-101/SC";"Norte";"Saída de pista";1;0;0;0;0;0;0;0;0;0;1;1;0;0;0
"02/11/2023";"03:55:00";"10";"Acidente s";"421.5";"BR-101/SC";"Norte";"Choque com veículo na faixa de rolamento";2;0;0;0;0;0;0;0;0;0;15;0;0;0;0
"02/11/2023";"08:24:00";"24";"Acidente s";"271";"BR-101/SC";"Norte";"Saída de pista";1;0;0;0;0;0;0;0;0;0;1;0;0;0;0
"02/11/2023";"09:08:00";"31";"Acidente s";"408";"BR-101/SC";"Norte";"Colisão - Lateral";1;0;1;0;0;0;0;0;0;0;3;0;0;0;0
"02/11/2023";"12:02:00";"46";"Acidente c";"277";"BR-101/SC";"Norte";"Colisão - Lateral";1;0;1;0;0;0;0;0;0;0;2;0;1;0;0
"02/11/2023";"01:20:00";"50";"Acidente s";"277";"BR-101/SC";"Norte";"Queda de moto";0;0;0;1;0;0;0;0;0;0;1;0;0;0;0
"02/11/2023";"02:57:00";"52";"Acidente s";"269";"BR-101/SC";"Norte";"Choque Barreira";1;0;0;0;0;0;0;0;0;0;1;0;0;0;0
"02/11/2023";"04:37:00";"57";"Acidente c";"262";"BR-101/SC";"Norte";"Saída de pista";1;0;0;0;0;0;0;0;0;0;1;1;0;0;0
"02/11/2023";"07:16:00";"65";"Acidente s";"290";"BR-101/SC";"Sul";"Colisão - Traseira";2;0;1;0;0;0;0;0;0;0;2;0;0;0;0
"03/11/2023";"12:44:00";"1";"Acidente s";"306";"BR-101/SC";"Sul";"Choque Barreira";1;0;0;0;0;0;0;0;0;0;3;0;0;0;0
"03/11/2023";"04:20:00";"10";"Acidente s";"376";"BR-101/SC";"Sul";"Saída de pista";1;0;0;0;0;0;0;0;0;0;1;0;0;0;0
"03/11/2023";"09:51:00";"63";"Acidente c";"340";"BR-101/SC";"Norte";"Saída de pista";1;0;0;0;0;0;0;0;0;0;0;1;0;0;0
"03/11/2023";"10:50:00";"66";"Acidente s";"296";"BR-101/SC";"Norte";"Saída de pista";1;0;0;0;0;0;0;0;0;0;1;0;0;0;0
"03/11/2023";"03:27:00";"87";"Acidente s";"395.8";"BR-101/SC";"Sul";"Saída de pista";0;0;1;0;0;0;0;0;0;0;1;0;0;0;0
"03/11/2023";"07:27:00";"107";"Acidente c";"268";"BR-101/SC";"Sul";"Capotamento";1;0;0;0;0;0;0;0;0;0;0;0;1;0;0
"04/11/2023";"08:43:00";"49";"Acidente s";"362";"BR-101/SC";"Norte";"Saída de pista";1;0;0;0;0;0;0;0;0;0;1;0;0;0;0
"04/11/2023";"11:05:00";"120";"Acidente c";"330.9";"BR-101/SC";"Sul";"Queda de moto";0;0;0;1;0;0;0;0;0;0;0;1;0;0;0
"05/11/2023";"12:54:00";"4";"Acidente c";"331.4";"BR-101/SC";"Sul";"Queda de moto";0;0;0;1;0;0;0;0;0;0;0;2;0;0;0
"05/11/2023";"10:02:00";"28";"Acidente c";"333";"BR-101/SC";"Sul";"Queda de moto";0;0;0;1;0;0;0;0;0;0;0;1;0;0;0
"05/11/2023";"02:03:00";"53";"Acidente c";"329";"BR-101/SC";"Norte";"Capotamento";2;0;0;0;0;0;0;0;0;0;2;1;0;0;0
"05/11/2023";"03:59:00";"62";"Acidente s";"354";"BR-101/SC";"Sul";"Engavetamento";3;0;0;0;0;0;0;0;0;0;12;0;0;0;0
"05/11/2023";"05:19:00";"76";"Acidente s";"314";"BR-101/SC";"Norte";"Colisão - Traseira";2;0;0;0;0;0;0;0;0;0;10;0;0;0;0
"05/11/2023";"05:59:00";"82";"Acidente s";"326";"BR-101/SC";"Sul";"Colisão - Traseira";2;0;0;0;0;0;0;0;0;0;4;0;0;0;0
"05/11/2023";"06:11:00";"84";"Acidente s";"309";"BR-101/SC";"Sul";"Engavetamento";4;0;0;0;0;0;0;0;0;0;13;0;0;0;0
"05/11/2023";"06:34:00";"88";"Acidente s";"252.8";"BR-101/SC";"Norte";"Colisão - Traseira";2;0;0;0;0;0;0;0;0;0;4;0;0;0;0
"05/11/2023";"07:58:00";"98";"Acidente s";"326";"BR-101/SC";"Sul";"Colisão - Traseira";2;0;0;0;0;0;0;0;0;0;3;0;0;0;0
"05/11/2023";"09:19:00";"109";"Acidente s";"277";"BR-101/SC";"Sul";"Saída de pista";1;0;0;0;0;0;0;0;0;0;2;0;0;0;0
"06/11/2023";"07:58:00";"38";"Acidente s";"330";"BR-101/SC";"Sul";"Colisão - Traseira";2;0;0;0;0;0;0;0;0;0;2;0;0;0;0
"06/11/2023";"08:14:00";"50";"Acidente s";"330";"BR-101/SC";"Sul";"Colisão - Traseira";2;0;0;0;0;0;0;0;0;0;3;0;0;0;0
"06/11/2023";"08:30:00";"58";"Acidente s";"328";"BR-101/SC";"Sul";"Engavetamento";2;0;0;0;0;0;0;0;0;0;5;0;0;0;0
"06/11/2023";"08:54:00";"64";"Acidente s";"328";"BR-101/SC";"Sul";"Colisão - Traseira";2;0;0;0;0;0;0;0;0;0;3;0;0;0;0
"06/11/2023";"10:57:00";"89";"Acidente s";"272";"BR-101/SC";"Norte";"Saída de pista";1;0;0;0;0;0;0;0;0;0;1;0;0;0;0
"07/11/2023";"06:35:00";"133";"Acidente c";"282.7";"BR-101/SC";"Sul";"Queda de moto";0;0;0;1;0;0;0;0;0;0;0;0;0;0;1
"07/11/2023";"07:55:00";"141";"Acidente c";"416";"BR-101/SC";"Norte";"Colisão - Lateral";0;0;0;2;0;0;0;0;0;0;1;1;0;0;0
"08/11/2023";"08:16:00";"67";"Acidente c";"376.873";"BR-101/SC";"Sul";"Colisão - Transversal";1;0;1;0;0;0;0;0;0;0;2;1;0;0;0
"08/11/2023";"02:21:00";"121";"Acidente s";"353";"BR-101/SC";"Norte";"Saída de pista";1;0;0;0;0;0;0;0;0;0;1;0;0;0;0
"08/11/2023";"03:53:00";"132";"Acidente c";"278.9";"BR-101/SC";"Sul";"Capotamento";1;0;0;0;0;0;0;0;0;0;1;0;1;0;0
"08/11/2023";"07:24:00";"148";"Acidente c";"337.3";"BR-101/SC";"Norte";"Choque Barreira";1;0;0;0;0;0;0;0;0;0;2;1;0;0;0
"09/11/2023";"02:17:00";"10";"Acidente c";"271";"BR-101/SC";"Norte";"Colisão - Lateral";1;0;2;0;0;0;0;0;0;0;3;0;1;0;0
"09/11/2023";"03:15:00";"13";"Acidente s";"345";"BR-101/SC";"Sul";"Saída de pista";1;0;0;0;0;0;0;0;0;0;1;0;0;0;0
"09/11/2023";"06:46:00";"32";"Acidente s";"256";"BR-101/SC";"Sul";"Saída de pista";1;0;0;0;0;0;0;0;0;0;2;0;0;0;0
"09/11/2023";"01:05:00";"127";"Acidente c";"312";"BR-101/SC";"Norte";"Engavetamento";4;0;0;0;0;0;0;0;0;0;3;1;1;0;0
"09/11/2023";"05:33:00";"153";"Acidente c";"337";"BR-101/SC";"Norte";"Colisão - Traseira";0;0;1;1;0;0;0;0;0;0;1;0;1;0;0
"10/11/2023";"04:51:00";"13";"Acidente c";"422";"BR-101/SC";"Norte";"Colisão - Transversal";1;0;0;0;0;0;0;0;0;0;0;1;0;0;0
"10/11/2023";"01:46:00";"116";"Acidente c";"326";"BR-101/SC";"Norte";"Colisão - Traseira";0;0;1;1;0;0;0;0;0;0;1;1;0;0;0
"10/11/2023";"07:38:00";"143";"Acidente c";"325";"BR-101/SC";"Sul";"Colisão - Traseira";1;0;0;1;0;0;0;0;0;0;2;1;0;0;0
"11/11/2023";"09:26:00";"69";"Acidente c";"356";"BR-101/SC";"Sul";"Queda de moto";0;0;1;1;0;0;0;0;0;0;1;1;0;0;0
"11/11/2023";"12:05:00";"91";"Acidente s";"432";"BR-101/SC";"Norte";"Colisão - Lateral";2;0;1;0;0;0;0;0;0;0;3;0;0;0;0
"11/11/2023";"04:28:00";"123";"Acidente s";"338.1";"BR-101/SC";"Sul";"Saída de pista";1;0;1;0;0;0;0;0;0;0;2;0;0;0;0
"11/11/2023";"04:40:00";"129";"Acidente s";"383";"BR-101/SC";"Norte";"Choque Defensa";1;0;0;0;0;0;0;0;0;0;2;0;0;0;0
"11/11/2023";"06:52:00";"142";"Acidente s";"293";"BR-101/SC";"Norte";"Saída de pista";1;0;0;0;0;0;0;0;0;0;1;0;0;0;0
"11/11/2023";"07:59:00";"144";"Acidente c";"416";"BR-101/SC";"Norte";"Colisão - Lateral";2;0;0;0;0;0;0;0;0;0;4;1;0;0;0
"11/11/2023";"08:31:00";"147";"Acidente s";"360";"BR-101/SC";"Sul";"Saída de pista";1;0;0;0;0;0;0;0;0;0;2;0;0;0;0
"11/11/2023";"10:29:00";"155";"Acidente s";"290";"BR-101/SC";"Norte";"Saída de pista";1;0;0;0;0;0;0;0;0;0;1;0;0;0;0
"11/11/2023";"10:31:00";"156";"Acidente s";"369.9";"BR-101/SC";"Sul";"Tombamento";0;0;1;0;0;0;0;0;0;0;1;0;0;0;0
"12/11/2023";"07:24:00";"25";"Acidente s";"375";"BR-101/SC";"Sul";"Saída de pista";1;0;0;0;0;0;0;0;0;0;1;0;0;0;0
"12/11/2023";"01:52:00";"71";"Acidente c";"387";"BR-101/SC";"Sul";"Colisão - Traseira";1;0;1;0;0;0;0;0;0;0;1;1;0;0;0
"12/11/2023";"08:46:00";"108";"Acidente s";"280";"BR-101/SC";"Norte";"Choque Defensa";1;0;0;0;0;0;0;0;0;0;1;0;0;0;0
"12/11/2023";"09:43:00";"113";"Acidente s";"359";"BR-101/SC";"Sul";"Saída de pista";1;0;0;0;0;0;0;0;0;0;5;0;0;0;0
"13/11/2023";"01:58:00";"5";"Acidente s";"415";"BR-101/SC";"Norte";"Capotamento";1;0;0;0;0;0;0;0;0;0;1;0;0;0;0
"13/11/2023";"08:53:00";"68";"Acidente s";"458";"BR-101/SC";"Norte";"Outros";0;0;1;0;0;0;0;0;0;0;1;0;0;0;0
"13/11/2023";"08:57:00";"69";"Acidente s";"425";"BR-101/SC";"Sul";"Atropelamento de Animal";1;0;0;0;0;0;0;0;0;0;2;0;0;0;0
"13/11/2023";"02:37:00";"123";"Acidente s";"367";"BR-101/SC";"Sul";"Engavetamento";3;0;2;0;0;0;0;0;0;0;7;0;0;0;0
"13/11/2023";"04:57:00";"134";"Acidente s";"390";"BR-101/SC";"Sul";"Colisão - Lateral";2;0;0;0;0;0;0;0;0;0;14;0;0;0;0
"13/11/2023";"06:06:00";"137";"Acidente c";"281.4";"BR-101/SC";"Sul";"Colisão - Lateral";1;0;0;1;0;0;0;0;0;0;1;1;0;0;0
"14/11/2023";"03:50:00";"8";"Acidente s";"413";"BR-101/SC";"Sul";"Queda de ribanceira";0;0;1;0;0;0;0;0;0;0;1;0;0;0;0
"14/11/2023";"05:09:00";"99";"Acidente s";"368";"BR-101/SC";"Sul";"Colisão - Frontal";2;0;0;0;0;0;0;0;0;0;3;0;0;0;0
"14/11/2023";"08:01:00";"115";"Acidente s";"257.5";"BR-101/SC";"Norte";"Queda de ribanceira";1;0;0;0;0;0;0;0;0;0;3;0;0;0;0
"14/11/2023";"08:39:00";"120";"Acidente c";"344";"BR-101/SC";"Sul";"Saída de pista";1;0;0;0;0;0;0;0;0;0;0;2;0;0;0
"14/11/2023";"10:11:00";"123";"Acidente s";"419";"BR-101/SC";"Sul";"Saída de pista";1;0;0;0;0;0;0;0;0;0;1;0;0;0;0
"15/11/2023";"03:07:00";"7";"Acidente s";"417";"BR-101/SC";"Norte";"Saída de pista";1;0;0;0;0;0;0;0;0;0;1;0;0;0;0
"15/11/2023";"04:49:00";"12";"Acidente s";"277.8";"BR-101/SC";"Norte";"Capotamento";1;0;0;0;0;0;0;0;0;0;2;0;0;0;0
"15/11/2023";"08:17:00";"54";"Acidente s";"320.15";"BR-101/SC";"Sul";"Capotamento";1;0;0;0;0;0;0;0;0;0;2;0;0;0;0
"15/11/2023";"03:43:00";"86";"Acidente s";"256";"BR-101/SC";"Norte";"Colisão - Traseira";1;0;0;0;0;0;0;0;0;0;1;0;0;0;0
"16/11/2023";"03:53:00";"7";"Acidente s";"269.5";"BR-101/SC";"Norte";"Colisão - Traseira";0;0;2;0;0;0;0;0;0;0;2;0;0;0;0
"16/11/2023";"11:58:00";"60";"Acidente s";"322";"BR-101/SC";"Norte";"Colisão - Lateral";1;0;1;0;0;0;0;0;0;0;2;0;0;0;0
"16/11/2023";"03:15:00";"76";"Acidente s";"373";"BR-101/SC";"Norte";"Saída de pista";1;0;0;0;0;0;0;0;0;0;2;0;0;0;0
"16/11/2023";"03:33:00";"77";"Acidente s";"372.9";"BR-101/SC";"Sul";"Saída de pista";0;0;1;0;0;0;0;0;0;0;1;0;0;0;0
"16/11/2023";"07:08:00";"97";"Acidente c";"280";"BR-101/SC";"Sul";"Capotamento";1;0;0;0;0;0;0;0;0;0;0;1;0;0;0
"16/11/2023";"07:09:00";"98";"Acidente s";"429";"BR-101/SC";"Norte";"Choque Barreira";1;0;0;0;0;0;0;0;0;0;1;0;0;0;0
"16/11/2023";"10:21:00";"110";"Acidente s";"311";"BR-101/SC";"Norte";"Colisão - Traseira";1;0;0;0;0;0;0;0;0;0;1;0;0;0;0
"17/11/2023";"01:22:00";"4";"Acidente s";"303";"BR-101/SC";"Sul";"Colisão - Traseira";2;0;0;0;0;0;0;0;0;0;2;0;0;0;0
"17/11/2023";"08:12:00";"32";"Acidente s";"333";"BR-101/SC";"Sul";"Engavetamento";3;0;0;0;0;0;0;0;0;0;3;0;0;0;0
"17/11/2023";"08:48:00";"42";"Acidente c";"335";"BR-101/SC";"Norte/Sul";"Colisão - Lateral";1;0;0;1;0;0;0;0;0;0;1;1;0;0;0
"17/11/2023";"04:17:00";"91";"Acidente s";"258";"BR-101/SC";"Norte";"Capotamento";2;0;0;0;0;0;0;0;0;0;6;0;0;0;0
"17/11/2023";"07:23:00";"113";"Acidente c";"261.3";"BR-101/SC";"Sul";"Capotamento";1;0;0;0;0;0;0;0;0;0;0;1;0;0;0
"17/11/2023";"07:35:00";"115";"Acidente s";"336";"BR-101/SC";"Norte";"Colisão - Traseira";1;0;1;0;0;0;0;0;0;0;2;0;0;0;0
"17/11/2023";"11:20:00";"124";"Acidente s";"254.1";"BR-101/SC";"Norte";"Saída de pista";0;0;1;0;0;0;0;0;0;0;1;0;0;0;0
"18/11/2023";"01:25:00";"9";"Acidente s";"396.22";"BR-101/SC";"Sul";"Saída de pista";1;0;0;0;0;0;0;0;0;0;1;0;0;0;0
"18/11/2023";"03:54:00";"23";"Acidente s";"435";"BR-101/SC";"Sul";"Saída de pista";1;0;0;0;0;0;0;0;0;0;1;0;0;0;0
"18/11/2023";"03:56:00";"24";"Acidente s";"435";"BR-101/SC";"Sul";"Saída de pista";1;0;0;0;0;0;0;0;0;0;1;0;0;0;0
"18/11/2023";"05:22:00";"37";"Acidente s";"412";"BR-101/SC";"Sul";"Saída de pista";0;0;1;0;0;0;0;0;0;0;2;0;0;0;0
"18/11/2023";"11:05:00";"87";"Acidente s";"282";"BR-101/SC";"Norte";"Choque Defensa";1;0;0;0;0;0;0;0;0;0;1;0;0;0;0
"18/11/2023";"11:31:00";"90";"Acidente s";"367";"BR-101/SC";"Sul";"Choque Defensa";1;0;0;0;0;0;0;0;0;0;3;0;0;0;0
"18/11/2023";"06:04:00";"127";"Acidente c";"340";"BR-101/SC";"Sul";"Queda de moto";0;0;0;1;0;0;0;0;0;0;0;0;1;0;0
"18/11/2023";"08:20:00";"138";"Acidente s";"429";"BR-101/SC";"Norte";"Colisão - Traseira";2;0;0;0;0;0;0;0;0;0;1;0;0;0;0
"18/11/2023";"08:58:00";"141";"Acidente s";"291";"BR-101/SC";"Norte";"Colisão - Frontal";2;0;0;0;0;0;0;0;0;0;5;0;0;0;0
"18/11/2023";"09:16:00";"144";"Acidente c";"254";"BR-101/SC";"Sul";"Queda de moto";0;0;0;1;0;0;0;0;0;0;0;2;0;0;0
"18/11/2023";"10:35:00";"151";"Acidente s";"247";"BR-101/SC";"Norte";"Choque Defensa";1;0;0;0;0;0;0;0;0;0;1;0;0;0;0
"19/11/2023";"02:44:00";"7";"Acidente s";"364";"BR-101/SC";"Sul";"Saída de pista";1;0;0;0;0;0;0;0;0;0;3;0;0;0;0
"19/11/2023";"03:12:00";"9";"Acidente s";"404";"BR-101/SC";"Norte";"Saída de pista";1;0;0;0;0;0;0;0;0;0;2;0;0;0;0
"19/11/2023";"07:06:00";"27";"Acidente c";"414.8";"BR-101/SC";"Sul";"Saída de pista";1;0;0;0;0;0;0;0;0;0;0;1;0;0;0
"19/11/2023";"06:06:00";"116";"Acidente s";"456";"BR-101/SC";"Sul";"Choque - Poste";1;0;0;0;0;0;0;0;0;0;1;0;0;0;0
"19/11/2023";"08:43:00";"132";"Acidente s";"381.23";"BR-101/SC";"Norte";"Colisão - Lateral";1;0;1;0;0;0;0;0;0;0;2;0;0;0;0
"19/11/2023";"10:52:00";"144";"Atropelame";"315";"BR-101/SC";"Sul";"Atropelamento - Ambulante";1;0;0;0;0;0;0;0;0;0;1;0;1;0;0
"20/11/2023";"12:44:00";"4";"Acidente s";"445";"BR-101/SC";"Sul";"Choque Barreira";1;0;0;0;0;0;0;0;0;0;1;0;0;0;0
"20/11/2023";"07:33:00";"27";"Acidente s";"247";"BR-101/SC";"Sul";"Saída de pista";0;0;1;0;0;0;0;0;0;0;1;0;0;0;0
"20/11/2023";"12:31:00";"89";"Acidente s";"317";"BR-101/SC";"Norte";"Colisão - Traseira";2;0;0;0;0;0;0;0;0;0;2;0;0;0;0
"20/11/2023";"02:03:00";"107";"Acidente s";"311.9";"BR-101/SC";"Sul";"Colisão - Lateral";1;0;1;0;0;0;0;0;0;0;2;0;0;0;0
"20/11/2023";"07:15:00";"130";"Acidente c";"385";"BR-101/SC";"Sul";"Colisão - Transversal";2;0;0;0;0;0;0;0;0;0;2;3;0;1;0
"20/11/2023";"08:37:00";"141";"Acidente s";"269.9";"BR-101/SC";"Norte";"Saída de pista";1;0;0;0;0;0;0;0;0;0;2;0;0;0;0
"21/11/2023";"07:48:00";"44";"Acidente c";"326";"BR-101/SC";"Sul";"Queda de moto";0;0;0;1;0;0;0;0;0;0;0;2;0;0;0
"21/11/2023";"10:42:00";"91";"Acidente s";"412";"BR-101/SC";"Norte";"Saída de pista";0;0;0;0;0;0;0;0;0;0;1;0;0;0;0