data;horario;n_da_ocorrencia;tipo_de_ocorrencia;km;trecho;sentido;tipo_de_acidente;automovel;bicicleta;caminhao;moto;onibus;outros;tracao_animal;transporte_de_cargas_especiais;trator_maquinas;utilitarios;ilesos;levemente_feridos;moderadamente_feridos;gravemente_feridos;mortos
"10/02/2024";"10:47:00";"83";"Com vítima";"316,000";"BR-101/SC";"Crescente";"Queda de moto";0;0;0;0;0;0;0;0;0;0;0;2;0;0;0
"10/02/2024";"11:58:01";"93";"Sem vítima";"260,000";"BR-101/SC";"Decrescente";"Colisão lateral no mesmo sentido";0;0;0;0;0;0;0;0;0;0;2;0;0;0;0
"10/02/2024";"03:22:00";"116";"Com vítima";"330,000";"BR-101/SC";"Decrescente";"Queda de moto";0;0;0;0;0;0;0;0;0;0;1;1;0;0;0
"10/02/2024";"08:45:01";"146";"Sem vítima";"400,000";"BR-101/SC";"Crescente";"Colisão transversal";0;0;0;0;0;0;0;0;0;0;3;0;0;0;0
"10/02/2024";"10:25:03";"10";"Sem vítima";"252,000";"BR-101/SC";"Crescente";"Colisão traseira";0;0;0;0;0;0;0;0;0;0;1;0;0;0;0
"11/02/2024";"01:15:03";"16";"Sem vítima";"330,000";"BR-101/SC";"Decrescente";"Choque";0;0;0;0;0;0;0;0;0;0;2;0;0;0;0
"11/02/2024";"03:14:51";"22";"Com vítima";"330,600";"BR-101/SC";"Crescente";"Colisão lateral no mesmo sentido";0;0;0;0;0;0;0;0;0;0;0;0;2;0;0
"11/02/2024";"07:39:36";"46";"Sem vítima";"331,200";"BR-101/SC";"Crescente";"Acidentes de outra natureza";0;0;0;0;0;0;0;0;0;0;2;0;0;0;0
"11/02/2024";"09:51:00";"4";"Sem vítima";"305,000";"BR-101/SC";"Crescente";"Capotamento";0;0;0;0;0;0;0;0;0;0;2;0;0;0;0
"12/02/2024";"08:39:41";"73";"Sem vítima";"413,000";"BR-101/SC";"Decrescente";"Choque";0;0;0;0;0;0;0;0;0;0;1;0;0;0;0
"12/02/2024";"08:45:56";"74";"Sem vítima";"323,000";"BR-101/SC";"Decrescente";"Colisão traseira";0;0;0;0;0;0;0;0;0;0;4;0;0;0;0
"12/02/2024";"02:05:42";"115";"Com vítima";"437,000";"BR-101/SC";"Decrescente";"Capotamento";0;0;0;0;0;0;0;0;0;0;0;1;0;0;0
"12/02/2024";"02:45:54";"118";"Sem vítima";"298,000";"BR-101/SC";"Crescente";"Engavetamento";0;0;0;0;0;0;0;0;0;0;7;0;0;0;0
"12/02/2024";"04:38:46";"131";"Sem vítima";"286,000";"BR-101/SC";"Decrescente";"Choque";0;0;0;0;0;0;0;0;0;0;0;0;0;0;0
"13/02/2024";"03:28:55";"12";"Com vítima";"374,000";"BR-101/SC";"Crescente";"Acidentes de outra natureza";0;0;0;0;0;0;0;0;0;0;0;1;1;0;0
"13/02/2024";"03:29:00";"13";"Com vítima";"398,000";"BR-101/SC";"Crescente";"Colisão traseira";0;0;0;0;0;0;0;0;0;0;2;0;1;0;0
"13/02/2024";"08:07:00";"50";"Sem vítima";"272,500";"BR-101/SC";"Crescente";"Engavetamento";0;0;0;0;0;0;0;0;0;0;5;0;0;0;0
"13/02/2024";"08:51:57";"56";"Sem vítima";"313,000";"BR-101/SC";"Decrescente";"Colisão lateral no mesmo sentido";0;0;0;0;0;0;0;0;0;0;4;0;0;0;0
"13/02/2024";"12:49:40";"80";"Com vítima";"369,000";"BR-101/SC";"Crescente";"Choque";0;0;0;0;0;0;0;0;0;0;2;0;2;0;0
"13/02/2024";"01:29:29";"84";"Sem vítima";"374,300";"BR-101/SC";"Decrescente";"Choque";0;0;0;0;0;0;0;0;0;0;2;0;0;0;0
"13/02/2024";"03:17:01";"94";"Com vítima";"306,700";"BR-101/SC";"Decrescente";"Capotamento";0;0;0;0;0;0;0;0;0;0;0;1;0;1;0
"13/02/2024";"06:14:53";"113";"Sem vítima";"391,000";"BR-101/SC";"Crescente";"Acidentes de outra natureza";0;0;0;0;0;0;0;0;0;0;3;0;0;0;0
"14/02/2024";"02:45:47";"13";"Sem vítima";"335,000";"BR-101/SC";"Crescente";"Capotamento";0;0;0;0;0;0;0;0;0;0;2;0;0;0;0
"14/02/2024";"02:55:02";"15";"Sem vítima";"272,000";"BR-101/SC";"Decrescente";"Acidentes de outra natureza";0;0;0;0;0;0;0;0;0;0;1;0;0;0;0
"14/02/2024";"04:20:44";"41";"Com vítima";"450,200";"BR-101/SC";"Crescente";"Choque";0;0;0;0;0;0;0;0;0;0;0;1;0;0;2
"14/02/2024";"05:43:00";"57";"Sem vítima";"326,450";"BR-101/SC";"Crescente";"Engavetamento";0;0;0;0;0;0;0;0;0;0;8;0;0;0;0
"14/02/2024";"06:27:49";"72";"Sem vítima";"450,100";"BR-101/SC";"Crescente";"Colisão traseira";0;0;0;0;0;0;0;0;0;0;2;0;0;0;0
"14/02/2024";"06:55:44";"78";"Sem vítima";"450,350";"BR-101/SC";"Crescente";"Colisão traseira";0;0;0;0;0;0;0;0;0;0;4;0;0;0;0
"14/02/2024";"07:07:59";"80";"Sem vítima";"335,000";"BR-101/SC";"Decrescente";"Acidentes de outra natureza";0;0;0;0;0;0;0;0;0;0;4;0;0;0;0
"14/02/2024";"07:15:00";"81";"Sem vítima";"271,400";"BR-101/SC";"Crescente";"Acidentes de outra natureza";0;0;0;0;0;0;0;0;0;0;2;0;0;0;0
"14/02/2024";"05:37:38";"149";"Sem vítima";"307,000";"BR-101/SC";"Decrescente";"Colisão traseira";0;0;0;0;0;0;0;0;0;0;2;0;0;0;0
"15/02/2024";"04:17:02";"35";"Sem vítima";"371,000";"BR-101/SC";"Decrescente";"Acidentes de outra natureza";0;0;0;0;0;0;0;0;0;0;3;0;0;0;0
"15/02/2024";"06:47:37";"78";"Com vítima";"377,500";"BR-101/SC";"Crescente";"Acidentes de outra natureza";0;0;0;0;0;0;0;0;0;0;2;1;0;0;0
"15/02/2024";"10:58:00";"114";"Sem vítima";"385,000";"BR-101/SC";"Crescente";"Acidentes de outra natureza";0;0;0;0;0;0;0;0;0;0;1;0;0;0;0
"15/02/2024";"11:58:02";"116";"Sem vítima";"334,000";"BR-101/SC";"Decrescente";"Queda de moto";0;0;0;0;0;0;0;0;0;0;1;0;0;0;0
"15/02/2024";"12:01:42";"118";"Sem vítima";"457,000";"BR-101/SC";"Decrescente";"Colisão traseira";0;0;0;0;0;0;0;0;0;0;1;0;0;0;0
"15/02/2024";"02:05:00";"133";"Com vítima";"396,000";"BR-101/SC";"Decrescente";"Colisão traseira";0;0;0;0;0;0;0;0;0;0;1;0;0;1;0
"15/02/2024";"05:21:33";"155";"Sem vítima";"399,000";"BR-101/SC";"Decrescente";"Colisão lateral no mesmo sentido";0;0;0;0;0;0;0;0;0;0;2;0;0;0;0
"16/02/2024";"05:15:34";"54";"Sem vítima";"344,000";"BR-101/SC";"Decrescente";"Colisão traseira";0;0;0;0;0;0;0;0;0;0;2;0;0;0;0
"16/02/2024";"08:59:00";"91";"Sem vítima";"433,700";"BR-101/SC";"Decrescente";"Colisão traseira";0;0;0;0;0;0;0;0;0;0;2;0;0;0;0
"16/02/2024";"06:45:00";"144";"Sem vítima";"444,000";"BR-101/SC";"Decrescente";"Colisão transversal";0;0;0;0;0;0;0;0;0;0;2;0;0;0;0
"17/02/2024";"09:22:31";"63";"Sem vítima";"337,000";"BR-101/SC";"Decrescente";"Choque";0;0;0;0;0;0;0;0;0;0;2;0;0;0;0
"17/02/2024";"11:18:31";"73";"Sem vítima";"404,000";"BR-101/SC";"Crescente";"Colisão traseira";0;0;0;0;0;0;0;0;0;0;2;0;0;0;0
"17/02/2024";"02:53:11";"87";"Com vítima";"307,300";"BR-101/SC";"Decrescente";"Colisão lateral no mesmo sentido";0;0;0;0;0;0;0;0;0;0;5;0;1;0;0
"17/02/2024";"04:00:44";"96";"Sem vítima";"340,000";"BR-101/SC";"Decrescente";"Choque";0;0;0;0;0;0;0;0;0;0;1;0;0;0;0
"17/02/2024";"09:12:00";"2";"Sem vítima";"369,000";"BR-101/SC";"Decrescente";"Colisão lateral no mesmo sentido";0;0;0;0;0;0;0;0;0;0;3;0;0;0;0
"18/02/2024";"01:49:24";"5";"Com vítima";"428,000";"BR-101/SC";"Crescente";"Capotamento";0;0;0;0;0;0;0;0;0;0;2;0;2;0;0
"18/02/2024";"03:50:00";"11";"Sem vítima";"404,000";"BR-101/SC";"Crescente";"Colisão traseira";0;0;0;0;0;0;0;0;0;0;2;0;0;0;0
"18/02/2024";"05:13:11";"17";"Sem vítima";"439,950";"BR-101/SC";"Decrescente";"Choque";0;0;0;0;0;0;0;0;0;0;1;0;0;0;0
"18/02/2024";"12:35:13";"66";"Sem vítima";"336,000";"BR-101/SC";"Crescente";"Engavetamento";0;0;0;0;0;0;0;0;0;0;5;0;0;0;0
"18/02/2024";"04:47:25";"86";"Sem vítima";"349,000";"BR-101/SC";"Decrescente";"Choque";0;0;0;0;0;0;0;0;0;0;3;0;0;0;0
"18/02/2024";"05:49:11";"87";"Sem vítima";"383,000";"BR-101/SC";"Crescente";"Choque";0;0;0;0;0;0;0;0;0;0;1;0;0;0;0
"18/02/2024";"09:10:00";"2";"Com vítima";"367,000";"BR-101/SC";"Crescente";"Choque";0;0;0;0;0;0;0;0;0;0;0;0;1;0;0
"19/02/2024";"01:49:56";"7";"Com vítima";"264,000";"BR-101/SC";"Decrescente";"Choque";0;0;0;0;0;0;0;0;0;0;1;1;0;0;0
"19/02/2024";"02:35:24";"11";"Com vítima";"406,000";"BR-101/SC";"Decrescente";"Capotamento";0;0;0;0;0;0;0;0;0;0;1;1;0;0;0
"19/02/2024";"06:51:48";"85";"Sem vítima";"371,000";"BR-101/SC";"Decrescente";"Colisão traseira";0;0;0;0;0;0;0;0;0;0;2;0;0;0;0
"19/02/2024";"11:37:00";"105";"Sem vítima";"347,000";"BR-101/SC";"Crescente";"Colisão transversal";0;0;0;0;0;0;0;0;0;0;2;0;0;0;0
"19/02/2024";"01:35:00";"113";"Sem vítima";"340,300";"BR-101/SC";"Crescente";"Saída de pista";0;0;0;0;0;0;0;0;0;0;1;0;0;0;0
"19/02/2024";"07:18:00";"131";"Sem vítima";"392,000";"BR-101/SC";"Crescente";"Choque";0;0;0;0;0;0;0;0;0;0;1;0;0;0;0
"20/02/2024";"12:16:00";"4";"Sem vítima";"359,500";"BR-101/SC";"Crescente";"Acidentes de outra natureza";0;0;0;0;0;0;0;0;0;0;1;0;0;0;0
"20/02/2024";"04:51:00";"26";"Com vítima";"325,800";"BR-101/SC";"Crescente";"Engavetamento";0;0;0;0;0;0;0;0;0;0;2;1;0;0;0
"20/02/2024";"05:32:14";"36";"Sem vítima";"325,800";"BR-101/SC";"Crescente";"Colisão traseira";0;0;0;0;0;0;0;0;0;0;4;0;0;0;0
"20/02/2024";"09:27:51";"92";"Sem vítima";"354,000";"BR-101/SC";"Crescente";"Engavetamento";0;0;0;0;0;0;0;0;0;0;10;0;0;0;0
"21/02/2024";"12:30:02";"6";"Sem vítima";"286,800";"BR-101/SC";"Decrescente";"Saída de pista";0;0;0;0;0;0;0;0;0;0;1;0;0;0;0
"21/02/2024";"05:38:00";"55";"Com vítima";"324,900";"BR-101/SC";"Crescente";"Colisão traseira";0;0;0;0;0;0;0;0;0;0;0;1;2;0;0
"21/02/2024";"04:46:00";"118";"Com vítima";"295,500";"BR-101/SC";"Decrescente";"Colisão traseira";0;0;0;0;0;0;0;0;0;0;1;0;2;0;0
"22/02/2024";"02:59:05";"3";"Com vítima";"290,300";"BR-101/SC";"Crescente";"Queda de moto";0;0;0;0;0;0;0;0;0;0;1;0;1;0;0
"22/02/2024";"05:52:00";"51";"Sem vítima";"375,400";"BR-101/SC";"Decrescente";"Saída de pista";0;0;0;0;0;0;0;0;0;0;2;0;0;0;0
"22/02/2024";"12:51:17";"114";"Sem vítima";"395,000";"BR-101/SC";"Decrescente";"Tombamento";0;0;0;0;0;0;0;0;0;0;1;0;0;0;0
"22/02/2024";"05:31:50";"132";"Sem vítima";"328,000";"BR-101/SC";"Decrescente";"Tombamento";0;0;0;0;0;0;0;0;0;0;1;0;0;0;0
"22/02/2024";"06:24:46";"136";"Sem vítima";"276,000";"BR-101/SC";"Decrescente";"Colisão lateral no mesmo sentido";0;0;0;0;0;0;0;0;0;0;3;0;0;0;0
"22/02/2024";"07:34:12";"140";"Sem vítima";"308,000";"BR-101/SC";"Decrescente";"Colisão lateral no mesmo sentido";0;0;0;0;0;0;0;0;0;0;2;0;0;0;0
"23/02/2024";"10:59:14";"94";"Sem vítima";"286,000";"BR-101/SC";"Decrescente";"Colisão traseira";0;0;0;0;0;0;0;0;0;0;3;0;0;0;0
"23/02/2024";"01:38:14";"126";"Sem vítima";"342,000";"BR-101/SC";"Crescente";"Colisão frontal";0;0;0;0;0;0;0;0;0;0;4;0;0;0;0
"23/02/2024";"02:37:03";"136";"Sem vítima";"337,000";"BR-101/SC";"Decrescente";"Colisão traseira";0;0;0;0;0;0;0;0;0;0;7;0;0;0;0
"24/02/2024";"04:42:00";"39";"Sem vítima";"445,000";"BR-101/SC";"Crescente";"Colisão lateral no mesmo sentido";0;0;0;0;0;0;0;0;0;0;6;0;0;0;0
"24/02/2024";"07:52:00";"87";"Com vítima";"253,150";"BR-101/SC";"Decrescente";"Tombamento";0;0;0;0;0;0;0;0;0;0;0;1;0;0;0
"24/02/2024";"08:35:00";"94";"Sem vítima";"331,540";"BR-101/SC";"Decrescente";"Saída de pista";0;0;0;0;0;0;0;0;0;0;2;0;0;0;0
"24/02/2024";"01:51:00";"124";"Sem vítima";"443,250";"BR-101/SC";"Decrescente";"Colisão traseira";0;0;0;0;0;0;0;0;0;0;3;0;0;0;0
"24/02/2024";"04:52:37";"142";"Sem vítima";"308,000";"BR-101/SC";"Decrescente";"Saída de pista";0;0;0;0;0;0;0;0;0;0;2;0;0;0;0
"24/02/2024";"06:35:00";"147";"Sem vítima";"439,000";"BR-101/SC";"Decrescente";"Colisão traseira";0;0;0;0;0;0;0;0;0;0;6;0;0;0;0
"24/02/2024";"09:50:03";"3";"Com vítima";"460,000";"BR-101/SC";"Crescente";"Queda de moto";0;0;0;0;0;0;0;0;0;0;0;2;0;0;0
"25/02/2024";"12:22:14";"9";"Sem vítima";"380,000";"BR-101/SC";"Decrescente";"Saída de pista";0;0;0;0;0;0;0;0;0;0;1;0;0;0;0
"25/02/2024";"01:09:00";"17";"Sem vítima";"373,800";"BR-101/SC";"Decrescente";"Saída de pista";0;0;0;0;0;0;0;0;0;0;3;0;0;0;0
"25/02/2024";"02:51:54";"24";"Sem vítima";"325,000";"BR-101/SC";"Crescente";"Saída de pista";0;0;0;0;0;0;0;0;0;0;2;0;0;0;0
"25/02/2024";"03:52:36";"27";"Sem vítima";"344,000";"BR-101/SC";"Decrescente";"Choque";0;0;0;0;0;0;0;0;0;0;1;0;0;0;0
"25/02/2024";"04:54:00";"42";"Sem vítima";"339,000";"BR-101/SC";"Decrescente";"Saída de pista";0;0;0;0;0;0;0;0;0;0;2;0;0;0;0
"25/02/2024";"07:58:00";"66";"Sem vítima";"356,200";"BR-101/SC";"Crescente";"Saída de pista";0;0;0;0;0;0;0;0;0;0;2;0;0;0;0
"25/02/2024";"01:15:32";"97";"Sem vítima";"367,100";"BR-101/SC";"Decrescente";"Saída de pista";0;0;0;0;0;0;0;0;0;0;3;0;0;0;0
"25/02/2024";"04:22:00";"113";"Com vítima";"352,000";"BR-101/SC";"Decrescente";"Colisão traseira";0;0;0;0;0;0;0;0;0;0;1;1;0;0;0
"25/02/2024";"08:42:36";"125";"Com vítima";"421,000";"BR-101/SC";"Decrescente";"Queda de moto";0;0;0;0;0;0;0;0;0;0;0;0;1;0;0
"26/02/2024";"12:44:37";"4";"Com vítima";"425,000";"BR-101/SC";"Crescente";"Queda de moto";0;0;0;0;0;0;0;0;0;0;1;1;0;0;0
"26/02/2024";"08:14:29";"52";"Sem vítima";"420,000";"BR-101/SC";"Crescente";"Colisão traseira";0;0;0;0;0;0;0;0;0;0;2;0;0;0;0
"26/02/2024";"10:02:00";"60";"Sem vítima";"304,800";"BR-101/SC";"Crescente";"Choque";0;0;0;0;0;0;0;0;0;0;1;0;0;0;0
"26/02/2024";"11:24:09";"64";"Sem vítima";"344,000";"BR-101/SC";"Crescente";"Colisão traseira";0;0;0;0;0;0;0;0;0;0;5;0;0;0;0
"26/02/2024";"01:19:24";"78";"Sem vítima";"428,000";"BR-101/SC";"Crescente";"Choque";0;0;0;0;0;0;0;0;0;0;1;0;0;0;0
"26/02/2024";"01:22:19";"79";"Sem vítima";"354,000";"BR-101/SC";"Decrescente";"Saída de pista";0;0;0;0;0;0;0;0;0;0;1;0;0;0;0
"26/02/2024";"02:47:00";"88";"Sem vítima";"388,000";"BR-101/SC";"Crescente";"Saída de pista";0;0;0;0;0;0;0;0;0;0;2;0;0;0;0
"26/02/2024";"04:05:56";"92";"Com vítima";"297,000";"BR-101/SC";"Crescente";"Colisão traseira";0;0;0;0;0;0;0;0;0;0;2;1;0;0;0
"27/02/2024";"05:53:00";"45";"Sem vítima";"375,500";"BR-101/SC";"Decrescente";"Saída de pista";0;0;0;0;0;0;0;0;0;0;1;0;0;0;0
"27/02/2024";"10:54:05";"90";"Sem vítima";"333,200";"BR-101/SC";"Crescente";"Queda de moto";0;0;0;0;0;0;0;0;0;0;3;0;0;0;0
"27/02/2024";"02:18:31";"101";"Com vítima";"263,250";"BR-101/SC";"Decrescente";"Colisão lateral no mesmo sentido";0;0;0;0;0;0;0;0;0;0;2;0;1;0;0
"27/02/2024";"02:52:06";"104";"Com vítima";"383,000";"BR-101/SC";"Decrescente";"Queda de moto";0;0;0;0;0;0;0;0;0;0;0;0;1;1;0
"28/02/2024";"04:39:26";"23";"Com vítima";"330,000";"BR-101/SC";"Decrescente";"Queda de moto";0;0;0;0;0;0;0;0;0;0;0;2;0;0;0
"28/02/2024";"05:49:17";"50";"Com vítima";"422,080";"BR-101/SC";"Decrescente";"Colisão traseira";0;0;0;0;0;0;0;0;0;0;0;1;0;0;0
"28/02/2024";"11:39:05";"109";"Sem vítima";"374,500";"BR-101/SC";"Crescente";"Saída de pista";0;0;0;0;0;0;0;0;0;0;3;0;0;0;0
"29/02/2024";"02:28:33";"10";"Com vítima";"283,800";"BR-101/SC";"Crescente";"Colisão traseira";0;0;0;0;0;0;0;0;0;0;1;0;0;0;1
"29/02/2024";"07:05:31";"164";"Com vítima";"252,850";"BR-101/SC";"Decrescente";"Colisão frontal";0;0;0;0;0;0;0;0;0;0;2;2;1;1;0
"29/02/2024";"10:57:00";"9";"Sem vítima";"397,000";"BR-101/SC";"Crescente";"Capotamento";0;0;0;0;0;0;0;0;0;0;1;0;0;0;0
"01/03/2024";"08:29:00";"87";"Sem vítima";"299,000";"BR-101/SC";"Crescente";"Colisão lateral no mesmo sentido";0;0;0;0;0;0;0;0;0;0;2;0;0;0;0
"01/03/2024";"08:31:09";"88";"Sem vítima";"323,900";"BR-101/SC";"Crescente";"Colisão traseira";0;0;0;0;0;0;0;0;0;0;8;0;0;0;0
"01/03/2024";"09:29:39";"94";"Com vítima";"256,000";"BR-101/SC";"Crescente";"Colisão traseira";0;0;0;0;0;0;0;0;0;0;2;1;0;0;0
"01/03/2024";"01:02:01";"121";"Sem vítima";"306,000";"BR-101/SC";"Decrescente";"Choque";0;0;0;0;0;0;0;0;0;0;1;0;0;0;0
"01/03/2024";"06:27:00";"141";"Sem vítima";"257,000";"BR-101/SC";"Decrescente";"Colisão traseira";0;0;0;0;0;0;0;0;0;0;2;0;0;0;0
"01/03/2024";"07:29:00";"148";"Sem vítima";"413,000";"BR-101/SC";"Decrescente";"Saída de pista";0;0;0;0;0;0;0;0;0;0;1;0;0;0;0
"01/03/2024";"10:23:00";"3";"Sem vítima";"374,000";"BR-101/SC";"Crescente";"Saída de pista";0;0;0;0;0;0;0;0;0;0;1;0;0;0;0
"02/03/2024";"06:00:00";"55";"Com vítima";"374,000";"BR-101/SC";"Crescente";"Colisão traseira";0;0;0;0;0;0;0;0;0;0;1;1;0;0;0
"02/03/2024";"06:58:00";"61";"Sem vítima";"314,500";"BR-101/SC";"Crescente";"Colisão lateral no mesmo sentido";0;0;0;0;0;0;0;0;0;0;3;0;0;0;0
"02/03/2024";"02:44:22";"110";"Sem vítima";"458,000";"BR-101/SC";"Crescente";"Colisão traseira";0;0;0;0;0;0;0;0;0;0;2;0;0;0;0
"02/03/2024";"03:19:00";"112";"Sem vítima";"417,000";"BR-101/SC";"Crescente";"Choque";0;0;0;0;0;0;0;0;0;0;2;0;0;0;0
"02/03/2024";"05:39:00";"120";"Sem vítima";"335,000";"BR-101/SC";"Decrescente";"Saída de pista";0;0;0;0;0;0;0;0;0;0;4;0;0;0;0
"02/03/2024";"05:43:41";"121";"Sem vítima";"400,000";"BR-101/SC";"Crescente";"Queda de moto";0;0;0;0;0;0;0;0;0;0;1;0;0;0;0
"02/03/2024";"08:44:00";"133";"Sem vítima";"364,000";"BR-101/SC";"Crescente";"Queda de moto";0;0;0;0;0;0;0;0;0;0;1;0;0;0;0
"02/03/2024";"10:04:53";"6";"Sem vítima";"453,000";"BR-101/SC";"Crescente";"Colisão frontal";0;0;0;0;0;0;0;0;0;0;5;0;0;0;0
"02/03/2024";"11:10:13";"11";"Sem vítima";"263,000";"BR-101/SC";"Decrescente";"Saída de pista";0;0;0;0;0;0;0;0;0;0;2;0;0;0;0
"03/03/2024";"01:38:20";"89";"Sem vítima";"344,400";"BR-101/SC";"Crescente";"Engavetamento";0;0;0;0;0;0;0;0;0;0;10;0;0;0;0
"03/03/2024";"03:08:10";"95";"Com vítima";"444,000";"BR-101/SC";"Decrescente";"Colisão frontal";0;0;0;0;0;0;0;0;0;0;3;0;1;0;0
"03/03/2024";"05:13:08";"108";"Sem vítima";"344,000";"BR-101/SC";"Crescente";"Saída de pista";0;0;0;0;0;0;0;0;0;0;3;0;0;0;0
"03/03/2024";"05:34:00";"111";"Com vítima";"360,000";"BR-101/SC";"Decrescente";"Queda de moto";0;0;0;0;0;0;0;0;0;0;0;0;1;0;0
"04/03/2024";"02:29:00";"15";"Sem vítima";"382,000";"BR-101/SC";"Crescente";"Saída de pista";0;0;0;0;0;0;0;0;0;0;1;0;0;0;0
"04/03/2024";"03:47:57";"22";"Com vítima";"252,350";"BR-101/SC";"Crescente";"Queda de moto";0;0;0;0;0;0;0;0;0;0;0;1;0;0;0
"04/03/2024";"05:02:02";"55";"Sem vítima";"436,000";"BR-101/SC";"Decrescente";"Saída de pista";0;0;0;0;0;0;0;0;0;0;2;0;0;0;0
"04/03/2024";"07:20:05";"96";"Sem vítima";"378,000";"BR-101/SC";"Decrescente";"Saída de pista";0;0;0;0;0;0;0;0;0;0;1;0;0;0;0
"04/03/2024";"08:46:00";"104";"Sem vítima";"463,000";"BR-101/SC";"Decrescente";"Saída de pista";0;0;0;0;0;0;0;0;0;0;2;0;0;0;0
"04/03/2024";"11:46:04";"118";"Sem vítima";"329,000";"BR-101/SC";"Decrescente";"Engavetamento";0;0;0;0;0;0;0;0;0;0;5;0;0;0;0
"04/03/2024";"12:38:19";"124";"Sem vítima";"329,000";"BR-101/SC";"Decrescente";"Colisão traseira";0;0;0;0;0;0;0;0;0;0;4;0;0;0;0
"04/03/2024";"05:06:01";"138";"Sem vítima";"452,000";"BR-101/SC";"Decrescente";"Choque";0;0;0;0;0;0;0;0;0;0;1;0;0;0;0
"04/03/2024";"05:28:02";"139";"Com vítima";"434,000";"BR-101/SC";"Crescente";"Colisão lateral no mesmo sentido";0;0;0;0;0;0;0;0;0;0;1;0;2;0;0
"04/03/2024";"09:36:00";"2";"Sem vítima";"313,000";"BR-101/SC";"Crescente";"Saída de pista";0;0;0;0;0;0;0;0;0;0;2;0;0;0;0
"04/03/2024";"10:13:32";"4";"Sem vítima";"345,000";"BR-101/SC";"Crescente";"Saída de pista";0;0;0;0;0;0;0;0;0;0;5;0;0;0;0
"05/03/2024";"01:27:10";"6";"Sem vítima";"273,000";"BR-101/SC";"Crescente";"Capotamento";0;0;0;0;0;0;0;0;0;0;1;0;0;0;0
"05/03/2024";"08:29:00";"81";"Sem vítima";"329,000";"BR-101/SC";"Crescente";"Capotamento";0;0;0;0;0;0;0;0;0;0;2;0;0;0;0
"05/03/2024";"09:12:00";"84";"Sem vítima";"327,000";"BR-101/SC";"Crescente";"Colisão traseira";0;0;0;0;0;0;0;0;0;0;3;0;0;0;0
"05/03/2024";"12:19:26";"101";"Sem vítima";"298,000";"BR-101/SC";"Crescente";"Colisão traseira";0;0;0;0;0;0;0;0;0;0;2;0;0;0;0
"06/03/2024";"03:59:00";"11";"Com vítima";"284,060";"BR-101/SC";"Decrescente";"Choque";0;0;0;0;0;0;0;0;0;0;0;1;0;0;0
"06/03/2024";"08:12:48";"70";"Sem vítima";"367,000";"BR-101/SC";"Crescente";"Colisão traseira";0;0;0;0;0;0;0;0;0;0;3;0;0;0;0
"06/03/2024";"04:29:26";"106";"Com vítima";"343,000";"BR-101/SC";"Decrescente";"Saída de pista";0;0;0;0;0;0;0;0;0;0;0;2;1;1;0
"06/03/2024";"11:22:56";"3";"Sem vítima";"441,820";"BR-101/SC";"Crescente";"Atropelamento de animal";0;0;0;0;0;0;0;0;0;0;2;0;0;0;0
"07/03/2024";"04:55:00";"46";"Com vítima";"331,540";"BR-101/SC";"Crescente";"Colisão traseira";0;0;0;0;0;0;0;0;0;0;2;0;1;0;0
"07/03/2024";"05:34:00";"60";"Sem vítima";"330,200";"BR-101/SC";"Crescente";"Engavetamento";0;0;0;0;0;0;0;0;0;0;11;0;0;0;0
"07/03/2024";"07:13:17";"79";"Sem vítima";"416,400";"BR-101/SC";"Crescente";"Colisão traseira";0;0;0;0;0;0;0;0;0;0;5;0;0;0;0
"07/03/2024";"12:59:18";"105";"Com vítima";"312,200";"BR-101/SC";"Decrescente";"Choque";0;0;0;0;0;0;0;0;0;0;0;2;0;0;0
"07/03/2024";"02:09:00";"114";"Sem vítima";"275,000";"BR-101/SC";"Decrescente";"Saída de pista";0;0;0;0;0;0;0;0;0;0;1;0;0;0;0
"07/03/2024";"02:14:48";"115";"Com vítima";"330,000";"BR-101/SC";"Decrescente";"Colisão lateral no mesmo sentido";0;0;0;0;0;0;0;0;0;0;1;1;0;0;0
"07/03/2024";"05:03:30";"124";"Com vítima";"358,000";"BR-101/SC";"Decrescente";"Saída de pista";0;0;0;0;0;0;0;0;0;0;0;1;0;0;0
"08/03/2024";"05:07:28";"58";"Com vítima";"354,000";"BR-101/SC";"Crescente";"Colisão traseira";0;0;0;0;0;0;0;0;0;0;0;1;0;0;0
"08/03/2024";"11:43:18";"124";"Sem vítima";"404,000";"BR-101/SC";"Decrescente";"Choque";0;0;0;0;0;0;0;0;0;0;1;0;0;0;0
"08/03/2024";"01:07:58";"132";"Com vítima";"403,000";"BR-101/SC";"Crescente";"Engavetamento";0;0;0;0;0;0;0;0;0;0;2;0;1;0;0