data;horario;n_da_ocorrencia;tipo_de_ocorrencia;km;trecho;sentido;tipo_de_acidente;automovel;bicicleta;caminhao;moto;onibus;outros;tracao_animal;transporte_de_cargas_especiais;trator_maquinas;utilitarios;ilesos;levemente_feridos;moderadamente_feridos;gravemente_feridos;mortos
"02/07/2024";"12:56:17";"98";"Com vítima";"276,300";"BR-101/SC";"Crescente";"Queda de moto";0;0;0;1;0;0;0;0;0;0;0;1;0;0;0
"02/07/2024";"06:30:03";"126";"Sem vítima";"397,000";"BR-101/SC";"Decrescente";"Saída de pista";1;0;0;0;0;0;0;0;0;0;1;0;0;0;0
"02/07/2024";"06:47:43";"127";"Sem vítima";"331,000";"BR-101/SC";"Decrescente";"Colisão traseira";1;0;0;1;0;0;0;0;0;0;6;0;0;0;0
"03/07/2024";"03:20:52";"16";"Sem vítima";"344,000";"BR-101/SC";"Crescente";"Colisão traseira";1;0;1;0;0;0;0;0;0;0;3;0;0;0;0
"03/07/2024";"05:06:17";"47";"Com vítima";"331,540";"BR-101/SC";"Crescente";"Engavetamento";1;0;2;1;0;0;0;0;0;0;5;1;1;0;0
"03/07/2024";"06:08:22";"67";"Com vítima";"435,000";"BR-101/SC";"Decrescente";"Colisão frontal";2;0;0;0;0;0;0;0;0;0;2;1;0;0;0
"03/07/2024";"08:27:16";"89";"Com vítima";"461,950";"BR-101/SC";"Decrescente";"Capotamento";1;0;0;0;0;0;0;0;0;0;0;1;0;0;0
"03/07/2024";"11:00:32";"108";"Sem vítima";"298,000";"BR-101/SC";"Crescente";"Colisão lateral no mesmo sentido";1;0;1;0;0;0;0;0;0;0;5;0;0;0;0
"03/07/2024";"11:24:06";"113";"Sem vítima";"416,000";"BR-101/SC";"Crescente";"Acidentes de outra natureza";1;0;0;0;0;0;0;0;0;0;1;0;0;1;0
"03/07/2024";"11:45:57";"116";"Com vítima";"329,200";"BR-101/SC";"Decrescente";"Colisão frontal";2;0;0;0;0;0;0;0;0;0;3;1;0;0;0
"03/07/2024";"05:01:09";"139";"Sem vítima";"415,000";"BR-101/SC";"Decrescente";"Saída de pista";1;0;0;0;0;0;0;0;0;0;2;0;0;0;0
"03/07/2024";"09:07:00";"1";"Sem vítima";"360,000";"BR-101/SC";"Crescente";"Saída de pista";0;0;1;0;0;0;0;0;0;0;1;0;0;0;0
"04/07/2024";"02:39:00";"15";"Sem vítima";"338,230";"BR-101/SC";"Crescente";"Tombamento";0;0;1;0;0;0;0;0;0;0;1;0;0;0;0
"04/07/2024";"12:30:13";"130";"Com vítima";"278,850";"BR-101/SC";"Crescente";"Queda de moto";0;0;0;1;0;0;0;0;0;0;0;1;0;0;0
"04/07/2024";"03:35:18";"145";"Com vítima";"415,100";"BR-101/SC";"Decrescente";"Colisão traseira";0;0;2;0;0;0;0;0;0;0;1;0;1;0;0
"04/07/2024";"04:01:47";"148";"Sem vítima";"416,000";"BR-101/SC";"Decrescente";"Colisão traseira";1;0;1;0;0;0;0;0;0;0;3;0;0;0;0
"05/07/2024";"05:24:48";"37";"Com vítima";"257,000";"BR-101/SC";"Decrescente";"Capotamento";1;0;0;0;0;0;0;0;0;0;1;0;1;0;0
"05/07/2024";"06:22:00";"51";"Sem vítima";"257,000";"BR-101/SC";"Crescente";"Colisão lateral no mesmo sentido";0;0;2;0;0;0;0;0;0;0;2;0;0;0;0
"05/07/2024";"10:17:06";"69";"Sem vítima";"458,000";"BR-101/SC";"Decrescente";"Colisão traseira";2;0;0;0;0;0;0;0;0;0;2;0;0;0;0
"05/07/2024";"12:37:00";"82";"Sem vítima";"443,000";"BR-101/SC";"Decrescente";"Choque";1;0;0;0;0;0;0;0;0;0;1;0;0;0;0
"05/07/2024";"12:51:00";"84";"Com vítima";"366,500";"BR-101/SC";"Decrescente";"Colisão traseira";2;0;0;0;0;0;0;0;0;0;2;1;0;0;0
"05/07/2024";"02:04:00";"89";"Sem vítima";"328,000";"BR-101/SC";"Crescente";"Colisão lateral no mesmo sentido";1;0;0;0;0;0;0;0;0;0;1;0;0;0;0
"05/07/2024";"10:00:37";"3";"Sem vítima";"376,500";"BR-101/SC";"Crescente";"Acidentes de outra natureza";1;0;0;0;0;0;0;0;0;0;2;0;0;0;0
"06/07/2024";"02:06:00";"14";"Sem vítima";"374,000";"BR-101/SC";"Crescente";"Saída de pista";1;0;0;0;0;0;0;0;0;0;2;0;0;0;0
"06/07/2024";"03:25:41";"17";"Sem vítima";"344,000";"BR-101/SC";"Decrescente";"Saída de pista";1;0;0;0;0;0;0;0;0;0;2;0;0;0;0
"06/07/2024";"03:14:20";"58";"Sem vítima";"257,000";"BR-101/SC";"Crescente";"Colisão lateral no mesmo sentido";2;0;0;0;0;0;0;0;0;0;7;0;0;0;0
"06/07/2024";"04:17:00";"65";"Sem vítima";"316,000";"BR-101/SC";"Crescente";"Atropelamento de animal";1;0;0;0;0;0;0;0;0;0;3;0;0;0;0
"06/07/2024";"05:31:29";"71";"Sem vítima";"260,000";"BR-101/SC";"Crescente";"Saída de pista";1;0;0;0;0;0;0;0;0;0;2;0;0;0;0
"06/07/2024";"08:05:00";"75";"Com vítima";"355,230";"BR-101/SC";"Crescente";"Choque";1;0;1;1;0;0;0;0;0;0;5;0;0;0;1
"06/07/2024";"11:03:50";"4";"Com vítima";"328,000";"BR-101/SC";"Crescente";"Capotamento";1;0;0;0;0;0;0;0;0;0;0;0;2;1;0
"07/07/2024";"12:01:00";"6";"Sem vítima";"309,000";"BR-101/SC";"Decrescente";"Choque";1;0;0;0;0;0;0;0;0;0;1;0;0;0;0
"07/07/2024";"02:35:00";"9";"Com vítima";"254,700";"BR-101/SC";"Decrescente";"Saída de pista";0;0;1;0;0;0;0;0;0;0;0;0;0;0;1
"07/07/2024";"01:15:34";"30";"Sem vítima";"405,000";"BR-101/SC";"Crescente";"Colisão traseira";1;0;1;0;0;0;0;0;0;0;2;0;0;0;0
"07/07/2024";"03:24:33";"39";"Sem vítima";"280,000";"BR-101/SC";"Crescente";"Saída de pista";1;0;0;0;0;0;0;0;0;0;2;0;0;0;0
"07/07/2024";"04:39:00";"47";"Sem vítima";"384,000";"BR-101/SC";"Crescente";"Saída de pista";1;0;0;0;0;0;0;0;0;0;1;0;0;0;0
"07/07/2024";"04:56:51";"49";"Sem vítima";"428,200";"BR-101/SC";"Decrescente";"Colisão lateral no mesmo sentido";2;0;0;0;0;0;0;0;0;0;7;0;0;0;0
"07/07/2024";"05:17:00";"51";"Sem vítima";"373,000";"BR-101/SC";"Decrescente";"Saída de pista";1;0;0;0;0;0;0;0;0;0;1;0;0;0;0
"08/07/2024";"03:14:51";"15";"Sem vítima";"282,000";"BR-101/SC";"Crescente";"Colisão traseira";0;0;2;0;0;0;0;0;0;0;2;0;0;0;0
"08/07/2024";"07:40:59";"80";"Sem vítima";"405,000";"BR-101/SC";"Decrescente";"Colisão traseira";2;0;0;0;0;0;0;0;0;0;3;0;0;0;0
"09/07/2024";"04:11:00";"27";"Sem vítima";"377,822";"BR-101/SC";"Crescente";"Saída de pista";1;0;0;0;0;0;0;0;0;0;2;0;0;0;0
"09/07/2024";"10:00:36";"102";"Sem vítima";"328,000";"BR-101/SC";"Decrescente";"Saída de pista";1;0;0;0;0;0;0;0;0;0;1;0;0;0;0
"09/07/2024";"10:22:55";"105";"Sem vítima";"457,000";"BR-101/SC";"Decrescente";"Colisão traseira";1;0;1;0;0;0;0;0;0;0;4;0;0;0;0
"09/07/2024";"11:45:29";"110";"Sem vítima";"435,000";"BR-101/SC";"Decrescente";"Colisão traseira";2;0;0;0;0;0;0;0;0;0;3;0;0;0;0
"09/07/2024";"12:02:05";"112";"Com vítima";"245,000";"BR-101/SC";"Crescente";"Capotamento";1;0;0;0;0;0;0;0;0;0;0;1;1;0;0
"09/07/2024";"01:21:00";"124";"Com vítima";"381,230";"BR-101/SC";"Crescente";"Colisão traseira";2;0;0;0;0;0;0;0;0;0;1;1;0;0;0
"09/07/2024";"03:36:20";"137";"Com vítima";"424,000";"BR-101/SC";"Decrescente";"Queda de moto";0;0;0;1;0;0;0;0;0;0;0;0;1;0;0
"09/07/2024";"04:17:35";"139";"Sem vítima";"345,000";"BR-101/SC";"Decrescente";"Saída de pista";1;0;0;0;0;0;0;0;0;0;1;0;0;0;0
"09/07/2024";"09:14:21";"5";"Com vítima";"257,000";"BR-101/SC";"Decrescente";"Queda de moto";0;0;0;1;0;0;0;0;0;0;0;1;0;0;0
"09/07/2024";"10:49:16";"10";"Sem vítima";"285,000";"BR-101/SC";"Decrescente";"Saída de pista";1;0;0;0;0;0;0;0;0;0;1;0;0;0;0
"10/07/2024";"07:08:23";"56";"Sem vítima";"437,500";"BR-101/SC";"Crescente";"Saída de pista";1;0;0;0;0;0;0;0;0;0;2;0;0;0;0
"10/07/2024";"09:14:00";"67";"Sem vítima";"252,000";"BR-101/SC";"Crescente";"Saída de pista";1;0;0;0;0;0;0;0;0;0;1;0;0;0;0
"11/07/2024";"04:59:40";"64";"Sem vítima";"339,000";"BR-101/SC";"Decrescente";"Saída de pista";0;0;0;1;0;0;0;0;0;0;1;0;0;0;0
"11/07/2024";"09:03:39";"91";"Sem vítima";"306,800";"BR-101/SC";"Crescente";"Choque";0;0;1;0;0;0;0;0;0;0;1;0;0;0;0
"11/07/2024";"11:07:00";"98";"Sem vítima";"319,500";"BR-101/SC";"Crescente";"Colisão traseira";0;0;1;0;0;0;0;0;0;0;2;0;0;0;0
"11/07/2024";"03:25:00";"120";"Com vítima";"280,000";"BR-101/SC";"Crescente";"Colisão traseira";0;0;1;1;0;0;0;0;0;0;1;0;1;0;0
"11/07/2024";"04:08:00";"123";"Sem vítima";"276,000";"BR-101/SC";"Decrescente";"Colisão lateral no mesmo sentido";2;0;0;0;0;0;0;0;0;0;4;0;0;0;0
"11/07/2024";"09:19:48";"1";"Sem vítima";"356,500";"BR-101/SC";"Crescente";"Saída de pista";0;0;1;0;0;0;0;0;0;0;1;0;0;0;0
"12/07/2024";"12:03:00";"10";"Sem vítima";"425,000";"BR-101/SC";"Crescente";"Choque";1;0;0;0;0;0;0;0;0;0;3;0;0;0;0
"12/07/2024";"02:12:00";"14";"Sem vítima";"280,000";"BR-101/SC";"Crescente";"Colisão traseira";0;0;2;0;0;0;0;0;0;0;2;0;0;0;0
"12/07/2024";"05:23:18";"69";"Sem vítima";"334,000";"BR-101/SC";"Crescente";"Colisão traseira";1;0;0;0;0;0;0;0;0;0;1;0;0;0;0
"12/07/2024";"12:09:42";"146";"Sem vítima";"463,000";"BR-101/SC";"Decrescente";"Colisão traseira";2;0;0;0;0;0;0;0;0;0;3;0;0;0;0
"12/07/2024";"01:21:18";"159";"Com vítima";"354,000";"BR-101/SC";"Decrescente";"Colisão frontal";2;0;0;0;0;0;0;0;0;0;1;1;1;0;0
"12/07/2024";"02:20:17";"163";"Com vítima";"341,000";"BR-101/SC";"Crescente";"Colisão lateral no mesmo sentido";0;0;0;2;0;0;0;0;0;0;0;0;2;0;0
"12/07/2024";"11:22:00";"11";"Sem vítima";"281,000";"BR-101/SC";"Decrescente";"Queda de moto";0;0;0;1;0;0;0;0;0;0;1;0;0;0;0
"13/07/2024";"03:16:00";"21";"Sem vítima";"341,000";"BR-101/SC";"Crescente";"Saída de pista";1;0;0;0;0;0;0;0;0;0;1;0;0;0;0
"13/07/2024";"03:37:00";"24";"Sem vítima";"339,000";"BR-101/SC";"Crescente";"Saída de pista";0;0;0;1;0;0;0;0;0;0;1;0;0;0;0
"13/07/2024";"04:28:00";"37";"Com vítima";"276,000";"BR-101/SC";"Decrescente";"Colisão traseira";2;0;0;0;0;0;0;0;0;0;3;1;0;0;0
"13/07/2024";"05:59:47";"53";"Sem vítima";"271,000";"BR-101/SC";"Decrescente";"Saída de pista";1;0;0;0;0;0;0;0;0;0;1;0;0;0;0
"13/07/2024";"08:04:00";"73";"Sem vítima";"290,000";"BR-101/SC";"Crescente";"Atropelamento de animal";1;0;0;0;0;0;0;0;0;0;3;0;0;0;0
"13/07/2024";"10:58:24";"86";"Sem vítima";"405,000";"BR-101/SC";"Crescente";"Colisão lateral no mesmo sentido";1;0;1;0;0;0;0;0;0;0;3;0;0;0;0
"13/07/2024";"12:18:00";"94";"Sem vítima";"381,000";"BR-101/SC";"Crescente";"Capotamento";1;0;0;0;0;0;0;0;0;0;2;0;0;0;0
"13/07/2024";"12:23:57";"95";"Sem vítima";"357,000";"BR-101/SC";"Crescente";"Saída de pista";1;0;0;0;0;0;0;0;0;0;2;0;0;0;0
"13/07/2024";"04:51:23";"116";"Sem vítima";"395,000";"BR-101/SC";"Crescente";"Choque";1;0;1;0;0;0;0;0;0;0;2;0;0;0;0
"13/07/2024";"05:57:00";"124";"Sem vítima";"266,000";"BR-101/SC";"Decrescente";"Colisão frontal";2;0;1;0;0;0;0;0;0;0;4;0;0;0;0
"13/07/2024";"07:10:41";"127";"Com vítima";"314,000";"BR-101/SC";"Crescente";"Colisão traseira";2;0;0;0;0;0;0;0;0;0;1;0;1;0;0
"13/07/2024";"07:26:46";"128";"Sem vítima";"327,000";"BR-101/SC";"Decrescente";"Saída de pista";1;0;0;0;0;0;0;0;0;0;0;0;0;0;0
"13/07/2024";"09:30:52";"1";"Sem vítima";"268,000";"BR-101/SC";"Decrescente";"Saída de pista";1;0;0;0;0;0;0;0;0;0;2;0;0;0;0
"14/07/2024";"12:16:00";"6";"Sem vítima";"273,500";"BR-101/SC";"Decrescente";"Saída de pista";1;0;0;0;0;0;0;0;0;0;5;0;0;0;0
"14/07/2024";"12:25:12";"7";"Sem vítima";"379,850";"BR-101/SC";"Crescente";"Saída de pista";1;0;0;0;0;0;0;0;0;0;3;0;0;0;0
"14/07/2024";"01:43:00";"9";"Sem vítima";"443,000";"BR-101/SC";"Crescente";"Saída de pista";1;0;0;0;0;0;0;0;0;0;1;0;0;0;0
"14/07/2024";"04:36:26";"25";"Com vítima";"316,000";"BR-101/SC";"Crescente";"Saída de pista";1;0;0;0;0;0;0;0;0;0;0;1;0;0;0
"14/07/2024";"07:07:00";"33";"Sem vítima";"392,000";"BR-101/SC";"Decrescente";"Choque";1;0;0;0;0;0;0;0;0;0;2;0;0;0;0
"14/07/2024";"08:04:46";"37";"Com vítima";"392,000";"BR-101/SC";"Decrescente";"Choque";1;0;0;0;0;0;0;0;0;0;0;1;0;0;0
"14/07/2024";"08:43:11";"41";"Com vítima";"359,000";"BR-101/SC";"Decrescente";"Saída de pista";1;0;0;0;0;0;0;0;0;0;0;1;0;0;0
"14/07/2024";"09:15:21";"44";"Sem vítima";"350,000";"BR-101/SC";"Crescente";"Capotamento";1;0;0;0;0;0;0;0;0;0;1;0;0;0;0
"14/07/2024";"09:21:00";"45";"Sem vítima";"294,000";"BR-101/SC";"Crescente";"Choque";1;0;0;0;0;0;0;0;0;0;1;0;0;0;0
"14/07/2024";"12:40:16";"68";"Sem vítima";"339,000";"BR-101/SC";"Decrescente";"Choque";1;0;0;0;0;0;0;0;0;0;3;0;0;0;0
"14/07/2024";"12:48:00";"70";"Sem vítima";"247,000";"BR-101/SC";"Decrescente";"Saída de pista";1;0;0;0;0;0;0;0;0;0;1;0;0;0;0
"14/07/2024";"04:39:01";"96";"Sem vítima";"365,000";"BR-101/SC";"Decrescente";"Acidentes de outra natureza";1;0;0;0;0;0;0;0;0;0;4;0;0;0;0
"14/07/2024";"05:04:23";"101";"Sem vítima";"308,000";"BR-101/SC";"Decrescente";"Saída de pista";1;0;0;0;0;0;0;0;0;0;2;0;0;0;0
"14/07/2024";"06:04:32";"107";"Sem vítima";"365,000";"BR-101/SC";"Decrescente";"Acidentes de outra natureza";1;0;0;0;0;0;0;0;0;0;4;0;0;0;0
"14/07/2024";"06:37:00";"113";"Sem vítima";"248,000";"BR-101/SC";"Decrescente";"Acidentes de outra natureza";1;0;0;0;0;0;0;0;0;0;1;0;0;0;0
"14/07/2024";"08:10:42";"116";"Sem vítima";"261,000";"BR-101/SC";"Decrescente";"Choque";1;0;0;0;0;0;0;0;0;0;5;0;0;0;0
"14/07/2024";"08:24:00";"117";"Sem vítima";"331,000";"BR-101/SC";"Decrescente";"Acidentes de outra natureza";1;0;0;0;0;0;0;0;0;0;1;0;0;0;0
"14/07/2024";"09:19:21";"1";"Com vítima";"398,000";"BR-101/SC";"Decrescente";"Choque";1;0;0;0;0;0;0;0;0;0;2;0;1;0;0
"15/07/2024";"03:43:26";"14";"Sem vítima";"248,100";"BR-101/SC";"Decrescente";"Saída de pista";1;0;0;0;0;0;0;0;0;0;1;0;0;0;0
"15/07/2024";"04:16:01";"19";"Com vítima";"423,100";"BR-101/SC";"Decrescente";"Colisão lateral no mesmo sentido";0;0;1;1;0;0;0;0;0;0;1;0;0;1;0
"15/07/2024";"09:38:11";"82";"Sem vítima";"458,000";"BR-101/SC";"Crescente";"Colisão traseira";1;0;1;0;0;0;0;0;0;0;2;0;0;0;0
"15/07/2024";"01:07:07";"98";"Sem vítima";"286,000";"BR-101/SC";"Decrescente";"Colisão traseira";2;0;0;0;0;0;0;0;0;0;3;0;0;0;0
"15/07/2024";"01:19:47";"102";"Com vítima";"347,500";"BR-101/SC";"Decrescente";"Colisão traseira";1;0;1;0;0;0;0;0;0;0;1;0;0;1;0
"15/07/2024";"11:52:38";"7";"Sem vítima";"404,000";"BR-101/SC";"Decrescente";"Choque";0;0;0;0;1;0;0;0;0;0;1;0;0;0;0
"16/07/2024";"05:19:00";"56";"Sem vítima";"330,000";"BR-101/SC";"Crescente";"Colisão traseira";2;0;0;0;0;0;0;0;0;0;2;0;0;0;0
"16/07/2024";"08:29:55";"90";"Sem vítima";"282,000";"BR-101/SC";"Decrescente";"Colisão lateral no mesmo sentido";1;0;0;1;0;0;0;0;0;0;2;0;0;0;0
"16/07/2024";"11:27:06";"107";"Sem vítima";"405,000";"BR-101/SC";"Crescente";"Colisão traseira";1;0;0;0;1;0;0;0;0;0;2;0;0;0;0
"16/07/2024";"12:37:41";"115";"Sem vítima";"356,500";"BR-101/SC";"Crescente";"Saída de pista";1;0;0;0;0;0;0;0;0;0;1;0;0;0;0
"16/07/2024";"03:35:59";"131";"Com vítima";"429,000";"BR-101/SC";"Decrescente";"Saída de pista";0;0;1;0;0;0;0;0;0;0;0;1;0;0;0
"16/07/2024";"03:42:14";"133";"Sem vítima";"441,000";"BR-101/SC";"Crescente";"Saída de pista";1;0;0;0;0;0;0;0;0;0;1;0;0;0;0
"16/07/2024";"05:37:00";"141";"Com vítima";"305,400";"BR-101/SC";"Crescente";"Capotamento";1;0;0;0;0;0;0;0;0;0;0;0;1;0;0
"16/07/2024";"05:42:00";"142";"Sem vítima";"412,000";"BR-101/SC";"Crescente";"Saída de pista";1;0;0;0;0;0;0;0;0;0;1;0;0;0;0
"16/07/2024";"05:55:48";"143";"Sem vítima";"329,000";"BR-101/SC";"Crescente";"Choque";0;0;1;0;0;0;0;0;0;0;1;0;0;0;0
"16/07/2024";"06:37:34";"145";"Sem vítima";"325,000";"BR-101/SC";"Crescente";"Colisão traseira";1;0;1;0;0;0;0;0;0;0;3;0;0;0;0
"17/07/2024";"12:33:34";"12";"Com vítima";"381,000";"BR-101/SC";"Crescente";"Choque";0;0;1;0;0;0;0;0;0;0;0;1;0;0;0
"17/07/2024";"03:20:31";"18";"Sem vítima";"353,000";"BR-101/SC";"Decrescente";"Saída de pista";1;0;0;0;0;0;0;0;0;0;1;0;0;0;0
"17/07/2024";"03:54:51";"20";"Com vítima";"437,000";"BR-101/SC";"Crescente";"Colisão traseira";1;0;0;1;0;0;0;0;0;0;2;1;0;0;0
"17/07/2024";"01:20:55";"148";"Sem vítima";"250,000";"BR-101/SC";"Crescente";"Atropelamento de animal";1;0;0;0;0;0;0;0;0;0;1;0;0;0;0
"17/07/2024";"06:35:33";"179";"Sem vítima";"405,000";"BR-101/SC";"Decrescente";"Colisão traseira";0;0;2;0;0;0;0;0;0;0;2;0;0;0;0
"17/07/2024";"08:41:00";"188";"Sem vítima";"364,000";"BR-101/SC";"Decrescente";"Tombamento";0;0;1;0;0;0;0;0;0;0;1;0;0;0;0
"18/07/2024";"04:37:00";"41";"Sem vítima";"373,000";"BR-101/SC";"Crescente";"Saída de pista";1;0;0;0;0;0;0;0;0;0;1;0;0;0;0
"19/07/2024";"01:32:48";"22";"Sem vítima";"391,230";"BR-101/SC";"Decrescente";"Saída de pista";1;0;0;0;0;0;0;0;0;0;1;0;0;0;0
"19/07/2024";"02:52:00";"27";"Com vítima";"249,650";"BR-101/SC";"Decrescente";"Saída de pista";1;0;0;0;0;0;0;0;0;0;0;1;0;0;0
"19/07/2024";"07:32:11";"96";"Com vítima";"336,950";"BR-101/SC";"Crescente";"Colisão traseira";1;0;0;1;0;0;0;0;0;0;1;1;0;0;0
"19/07/2024";"03:11:50";"140";"Sem vítima";"364,000";"BR-101/SC";"Decrescente";"Saída de pista";1;0;0;0;0;0;0;0;0;0;1;0;0;0;0
"19/07/2024";"03:39:00";"142";"Sem vítima";"316,000";"BR-101/SC";"Decrescente";"Colisão lateral no mesmo sentido";1;0;0;0;0;0;0;0;0;0;2;0;0;0;0
"19/07/2024";"06:14:29";"159";"Sem vítima";"463,000";"BR-101/SC";"Decrescente";"Saída de pista";1;0;0;0;0;0;0;0;0;0;3;0;0;0;0
"19/07/2024";"06:56:05";"167";"Sem vítima";"371,000";"BR-101/SC";"Decrescente";"Saída de pista";1;0;0;0;0;0;0;0;0;0;1;0;0;0;0
"19/07/2024";"07:03:00";"170";"Com vítima";"326,000";"BR-101/SC";"Crescente";"Capotamento";2;0;0;0;0;0;0;0;0;0;0;0;5;0;0
"19/07/2024";"07:06:42";"172";"Com vítima";"447,000";"BR-101/SC";"Decrescente";"Colisão lateral no mesmo sentido";0;0;0;1;0;0;0;0;0;0;0;1;0;0;0
"19/07/2024";"11:52:11";"8";"Sem vítima";"383,000";"BR-101/SC";"Crescente";"Choque";1;0;0;0;0;0;0;0;0;0;1;0;0;0;0
"20/07/2024";"05:55:00";"48";"Com vítima";"255,850";"BR-101/SC";"Crescente";"Saída de pista";1;0;0;0;0;0;0;0;0;0;3;1;0;0;0
"20/07/2024";"08:55:00";"64";"Com vítima";"334,460";"BR-101/SC";"Crescente";"Queda de moto";0;0;0;1;0;0;0;0;0;0;0;1;0;0;0
"20/07/2024";"10:13:30";"71";"Sem vítima";"363,500";"BR-101/SC";"Decrescente";"Engavetamento";3;0;1;0;0;0;0;0;0;0;10;0;0;0;0
"20/07/2024";"10:50:40";"78";"Sem vítima";"365,500";"BR-101/SC";"Decrescente";"Colisão traseira";2;0;0;0;0;0;0;0;0;0;3;0;0;0;0
"20/07/2024";"08:02:52";"116";"Sem vítima";"358,000";"BR-101/SC";"Crescente";"Capotamento";1;0;0;0;0;0;0;0;0;0;1;0;0;0;0
"21/07/2024";"12:16:24";"23";"Sem vítima";"308,000";"BR-101/SC";"Decrescente";"Saída de pista";1;0;0;0;0;0;0;0;0;0;3;0;0;0;0
"21/07/2024";"02:19:00";"31";"Com vítima";"254,000";"BR-101/SC";"Crescente";"Queda de moto";0;0;0;1;0;0;0;0;0;0;1;1;0;0;0
"21/07/2024";"02:39:15";"32";"Com vítima";"320,140";"BR-101/SC";"Decrescente";"Colisão traseira";2;0;0;0;0;0;0;0;0;0;0;2;0;0;0
"21/07/2024";"06:00:00";"51";"Sem vítima";"270,060";"BR-101/SC";"Decrescente";"Saída de pista";1;0;0;0;0;0;0;0;0;0;3;0;0;0;0
"21/07/2024";"06:44:00";"53";"Sem vítima";"324,200";"BR-101/SC";"Crescente";"Choque";1;0;0;0;0;0;0;0;0;0;1;0;0;0;0
"21/07/2024";"07:56:59";"59";"Sem vítima";"331,000";"BR-101/SC";"Crescente";"Choque";1;0;0;0;0;0;0;0;0;0;3;0;0;0;0
"21/07/2024";"01:13:13";"92";"Com vítima";"280,500";"BR-101/SC";"Decrescente";"Colisão lateral no mesmo sentido";1;0;1;0;0;0;0;0;0;0;3;1;0;0;0
"21/07/2024";"01:28:04";"93";"Sem vítima";"249,500";"BR-101/SC";"Decrescente";"Saída de pista";1;0;0;0;0;0;0;0;0;0;4;0;0;0;0
"21/07/2024";"03:04:23";"99";"Sem vítima";"458,000";"BR-101/SC";"Crescente";"Colisão traseira";2;0;0;0;0;0;0;0;0;0;3;0;0;0;0
"21/07/2024";"05:41:00";"122";"Com vítima";"308,000";"BR-101/SC";"Crescente";"Queda de moto";0;0;0;1;0;0;0;0;0;0;0;0;0;1;0
"21/07/2024";"06:33:17";"128";"Com vítima";"319,000";"BR-101/SC";"Crescente";"Queda de moto";0;0;0;1;0;0;0;0;0;0;0;0;0;1;0
"21/07/2024";"08:40:34";"137";"Com vítima";"281,580";"BR-101/SC";"Decrescente";"Capotamento";1;0;0;0;0;0;0;0;0;0;0;1;0;0;0
"22/07/2024";"02:13:28";"11";"Sem vítima";"457,000";"BR-101/SC";"Crescente";"Colisão traseira";1;0;1;0;0;0;0;0;0;0;5;0;0;0;0
"22/07/2024";"04:55:50";"48";"Com vítima";"381,000";"BR-101/SC";"Decrescente";"Colisão traseira";1;0;0;1;0;0;0;0;0;0;2;1;0;0;0
"22/07/2024";"06:05:25";"72";"Com vítima";"400,000";"BR-101/SC";"Crescente";"Colisão lateral no mesmo sentido";1;0;0;1;0;0;0;0;0;0;2;1;0;0;0
"22/07/2024";"07:11:42";"87";"Sem vítima";"250,000";"BR-101/SC";"Decrescente";"Capotamento";1;0;0;0;0;0;0;0;0;0;1;0;0;0;0
"22/07/2024";"09:05:15";"99";"Sem vítima";"456,000";"BR-101/SC";"Crescente";"Choque";0;0;1;0;0;0;0;0;0;0;1;0;0;0;0
"22/07/2024";"09:40:52";"103";"Com vítima";"352,000";"BR-101/SC";"Crescente";"Queda de moto";0;0;0;1;0;0;0;0;0;0;0;1;0;0;0
"22/07/2024";"10:54:14";"116";"Com vítima";"335,500";"BR-101/SC";"Crescente";"Queda de moto";0;0;0;1;0;0;0;0;0;0;0;0;1;0;0
"22/07/2024";"11:38:08";"119";"Sem vítima";"325,000";"BR-101/SC";"Crescente";"Colisão traseira";0;0;2;0;0;0;0;0;0;0;2;0;0;0;0
"22/07/2024";"11:48:13";"122";"Sem vítima";"365,000";"BR-101/SC";"Decrescente";"Colisão traseira";2;0;0;0;0;0;0;0;0;0;5;0;0;0;0
"22/07/2024";"01:21:00";"142";"Sem vítima";"442,000";"BR-101/SC";"Crescente";"Saída de pista";1;0;0;0;0;0;0;0;0;0;1;0;0;0;0
"22/07/2024";"01:49:29";"146";"Com vítima";"282,000";"BR-101/SC";"Decrescente";"Colisão traseira";2;0;0;0;0;0;0;0;0;0;5;1;0;0;0
"22/07/2024";"06:30:00";"177";"Com vítima";"394,000";"BR-101/SC";"Decrescente";"Acidentes de outra natureza";1;0;0;0;0;0;0;0;0;0;2;0;1;0;0
"22/07/2024";"06:59:00";"178";"Com vítima";"342,000";"BR-101/SC";"Decrescente";"Queda de moto";0;0;0;1;0;0;0;0;0;0;1;0;1;0;0