data;horario;n_da_ocorrencia;tipo_de_ocorrencia;km;trecho;sentido;tipo_de_acidente;automovel;bicicleta;caminhao;moto;onibus;outros;tracao_animal;transporte_de_cargas_especiais;trator_maquinas;utilitarios;ilesos;levemente_feridos;moderadamente_feridos;gravemente_feridos;mortos
"23/07/2024";"02:38:59";"11";"Sem vítima";"403,000";"BR-101/SC";"Crescente";"Colisão traseira";0;0;2;0;0;0;0;0;0;0;2;0;0;0;0
"23/07/2024";"04:37:00";"35";"Com vítima";"325,800";"BR-101/SC";"Crescente";"Queda de moto";0;0;0;1;0;0;0;0;0;0;0;0;1;0;0
"23/07/2024";"05:09:35";"53";"Com vítima";"298,000";"BR-101/SC";"Decrescente";"Colisão traseira";0;0;2;0;0;0;0;0;0;0;1;0;1;0;0
"23/07/2024";"08:25:00";"110";"Sem vítima";"257,000";"BR-101/SC";"Decrescente";"Choque";0;0;1;0;0;0;0;0;0;0;1;0;0;0;0
"23/07/2024";"11:44:09";"142";"Sem vítima";"451,000";"BR-101/SC";"Decrescente";"Colisão lateral no mesmo sentido";1;0;0;0;0;0;0;0;0;0;2;0;0;0;0
"23/07/2024";"06:54:00";"177";"Sem vítima";"411,000";"BR-101/SC";"Decrescente";"Colisão traseira";1;0;1;0;0;0;0;0;0;0;2;0;0;0;0
"23/07/2024";"11:56:58";"3";"Com vítima";"277,000";"BR-101/SC";"Crescente";"Acidentes de outra natureza";1;0;0;0;0;0;0;0;0;0;0;1;0;0;0
"24/07/2024";"03:11:37";"12";"Sem vítima";"271,900";"BR-101/SC";"Crescente";"Saída de pista";1;0;0;0;0;0;0;0;0;0;1;0;0;0;0
"24/07/2024";"03:56:19";"19";"Sem vítima";"259,200";"BR-101/SC";"Decrescente";"Atropelamento de animal";1;0;0;0;0;0;0;0;0;0;1;0;0;0;0
"24/07/2024";"04:55:00";"47";"Sem vítima";"448,500";"BR-101/SC";"Decrescente";"Choque";1;0;0;0;0;0;0;0;0;0;1;0;0;0;0
"24/07/2024";"09:06:58";"106";"Sem vítima";"458,000";"BR-101/SC";"Decrescente";"Colisão traseira";1;0;1;0;0;0;0;0;0;0;6;0;0;0;0
"24/07/2024";"10:40:01";"115";"Sem vítima";"458,000";"BR-101/SC";"Crescente";"Colisão lateral no mesmo sentido";2;0;0;0;0;0;0;0;0;0;6;0;0;0;0
"24/07/2024";"10:55:48";"117";"Sem vítima";"289,000";"BR-101/SC";"Decrescente";"Colisão traseira";2;0;0;0;0;0;0;0;0;0;2;0;0;0;0
"24/07/2024";"11:33:21";"121";"Com vítima";"419,000";"BR-101/SC";"Decrescente";"Colisão traseira";2;0;0;0;0;0;0;0;0;0;5;1;0;0;0
"25/07/2024";"06:59:28";"88";"Sem vítima";"365,900";"BR-101/SC";"Crescente";"Colisão lateral no mesmo sentido";2;0;0;0;0;0;0;0;0;0;2;0;0;0;0
"25/07/2024";"10:32:14";"117";"Sem vítima";"343,300";"BR-101/SC";"Crescente";"Colisão traseira";1;0;0;0;0;0;0;0;0;0;2;0;0;0;0
"25/07/2024";"11:00:12";"119";"Sem vítima";"367,500";"BR-101/SC";"Crescente";"Colisão traseira";2;0;0;0;0;0;0;0;0;0;3;0;0;0;0
"25/07/2024";"06:06:15";"165";"Com vítima";"455,150";"BR-101/SC";"Decrescente";"Colisão lateral no mesmo sentido";1;0;0;1;0;0;0;0;0;0;1;0;1;0;0
"25/07/2024";"07:09:00";"169";"Sem vítima";"355,000";"BR-101/SC";"Crescente";"Saída de pista";1;0;0;0;0;0;0;0;0;0;2;0;0;0;0
"26/07/2024";"10:03:46";"8";"Com vítima";"430,000";"BR-101/SC";"Decrescente";"Colisão traseira";1;0;1;0;0;0;0;0;0;0;1;0;1;0;0
"27/07/2024";"04:48:47";"38";"Com vítima";"265,000";"BR-101/SC";"Crescente";"Capotamento";2;0;0;0;0;0;0;0;0;0;1;1;0;0;0
"27/07/2024";"04:10:54";"123";"Com vítima";"312,000";"BR-101/SC";"Crescente";"Colisão frontal";1;0;0;1;0;0;0;0;0;0;2;0;1;0;0
"27/07/2024";"06:11:25";"131";"Com vítima";"328,770";"BR-101/SC";"Decrescente";"Capotamento";1;0;0;0;0;0;0;0;0;0;0;1;0;0;0
"27/07/2024";"06:47:00";"133";"Sem vítima";"383,000";"BR-101/SC";"Crescente";"Acidentes de outra natureza";1;0;0;0;0;0;0;0;0;0;4;0;0;0;0
"27/07/2024";"07:00:47";"135";"Sem vítima";"337,000";"BR-101/SC";"Crescente";"Choque";0;0;1;0;0;0;0;0;0;0;1;0;0;0;0
"27/07/2024";"09:44:38";"3";"Com vítima";"337,000";"BR-101/SC";"Decrescente";"Colisão traseira";0;0;2;0;0;0;0;0;0;0;2;1;0;1;0
"28/07/2024";"03:21:44";"79";"Sem vítima";"349,000";"BR-101/SC";"Decrescente";"Choque";1;0;0;0;0;0;0;0;0;0;4;0;0;0;0
"28/07/2024";"05:12:42";"89";"Sem vítima";"335,300";"BR-101/SC";"Decrescente";"Choque";3;0;0;0;0;0;0;0;0;0;3;0;0;0;0
"28/07/2024";"08:48:45";"106";"Com vítima";"341,000";"BR-101/SC";"Decrescente";"Choque";2;0;0;0;0;0;0;0;0;0;2;0;1;0;0
"28/07/2024";"10:06:10";"7";"Sem vítima";"374,000";"BR-101/SC";"Crescente";"Saída de pista";1;0;0;0;0;0;0;0;0;0;1;0;0;0;0
"28/07/2024";"11:34:00";"11";"Sem vítima";"374,000";"BR-101/SC";"Crescente";"Acidentes de outra natureza";1;0;0;0;0;0;0;0;0;0;4;0;0;0;0
"29/07/2024";"02:49:00";"17";"Sem vítima";"257,000";"BR-101/SC";"Decrescente";"Saída de pista";1;0;0;0;0;0;0;0;0;0;1;0;0;0;0
"29/07/2024";"09:34:52";"74";"Sem vítima";"370,800";"BR-101/SC";"Crescente";"Saída de pista";1;0;0;0;0;0;0;0;0;0;2;0;0;0;0
"29/07/2024";"02:34:01";"109";"Sem vítima";"304,000";"BR-101/SC";"Decrescente";"Choque";1;0;1;0;0;0;0;0;0;0;2;0;0;0;0
"29/07/2024";"02:41:46";"110";"Sem vítima";"456,400";"BR-101/SC";"Decrescente";"Colisão frontal";2;0;0;0;0;0;0;0;0;0;3;0;0;0;0
"29/07/2024";"02:56:38";"111";"Com vítima";"359,000";"BR-101/SC";"Crescente";"Colisão frontal";2;0;0;0;0;0;0;0;0;0;3;1;0;0;0
"29/07/2024";"03:34:00";"117";"Sem vítima";"378,000";"BR-101/SC";"Crescente";"Saída de pista";0;0;1;0;0;0;0;0;0;0;1;0;0;0;0
"29/07/2024";"03:54:16";"120";"Sem vítima";"341,800";"BR-101/SC";"Crescente";"Saída de pista";1;0;0;0;0;0;0;0;0;0;1;0;0;0;0
"29/07/2024";"05:01:00";"129";"Sem vítima";"397,000";"BR-101/SC";"Decrescente";"Saída de pista";1;0;0;0;0;0;0;0;0;0;2;0;0;0;0
"29/07/2024";"06:12:18";"132";"Sem vítima";"354,000";"BR-101/SC";"Crescente";"Saída de pista";1;0;0;0;0;0;0;0;0;0;2;0;0;0;0
"29/07/2024";"06:26:00";"133";"Sem vítima";"437,000";"BR-101/SC";"Crescente";"Colisão lateral no mesmo sentido";1;0;0;0;0;0;0;0;0;0;2;0;0;0;0
"29/07/2024";"07:51:51";"137";"Sem vítima";"360,800";"BR-101/SC";"Crescente";"Queda de moto";0;0;0;1;0;0;0;0;0;0;1;0;0;0;0
"29/07/2024";"08:25:16";"141";"Com vítima";"282,000";"BR-101/SC";"Crescente";"Colisão transversal";1;0;0;1;0;0;0;0;0;0;1;0;1;0;0
"29/07/2024";"10:46:00";"4";"Sem vítima";"327,600";"BR-101/SC";"Decrescente";"Saída de pista";1;0;0;0;0;0;0;0;0;0;1;0;0;0;0
"30/07/2024";"02:39:45";"114";"Sem vítima";"334,000";"BR-101/SC";"Crescente";"Colisão traseira";1;0;1;0;0;0;0;0;0;0;2;0;0;0;0
"30/07/2024";"05:57:00";"128";"Sem vítima";"439,000";"BR-101/SC";"Crescente";"Saída de pista";1;0;0;0;0;0;0;0;0;0;1;0;0;0;0
"30/07/2024";"07:24:51";"137";"Com vítima";"456,000";"BR-101/SC";"Decrescente";"Queda de moto";0;0;0;1;0;0;0;0;0;0;0;0;2;0;0
"30/07/2024";"07:29:01";"138";"Com vítima";"416,000";"BR-101/SC";"Decrescente";"Colisão traseira";1;0;1;0;0;0;0;0;0;0;5;1;0;0;0
"30/07/2024";"09:59:02";"5";"Sem vítima";"355,000";"BR-101/SC";"Crescente";"Saída de pista";1;0;0;0;0;0;0;0;0;0;1;0;0;0;0
"31/07/2024";"12:22:27";"16";"Sem vítima";"407,000";"BR-101/SC";"Crescente";"Saída de pista";1;0;0;0;0;0;0;0;0;0;2;0;0;0;0
"31/07/2024";"01:59:09";"19";"Sem vítima";"384,000";"BR-101/SC";"Decrescente";"Saída de pista";1;0;0;0;0;0;0;0;0;0;1;0;0;0;0
"31/07/2024";"05:06:47";"68";"Com vítima";"452,000";"BR-101/SC";"Decrescente";"Colisão traseira";1;0;0;1;0;0;0;0;0;0;1;0;1;0;0
"31/07/2024";"07:53:05";"98";"Sem vítima";"358,000";"BR-101/SC";"Crescente";"Engavetamento";2;0;0;0;0;0;0;0;0;0;5;0;0;0;0
"31/07/2024";"10:26:38";"126";"Sem vítima";"288,000";"BR-101/SC";"Decrescente";"Colisão lateral no mesmo sentido";1;0;1;0;0;0;0;0;0;0;3;0;0;0;0
"31/07/2024";"05:16:23";"177";"Com vítima";"264,000";"BR-101/SC";"Crescente";"Capotamento";1;0;0;0;0;0;0;0;0;0;0;3;0;1;0
"01/08/2024";"12:44:33";"142";"Sem vítima";"312,000";"BR-101/SC";"Decrescente";"Choque";1;0;0;0;0;0;0;0;0;0;1;0;0;0;0
"01/08/2024";"02:46:15";"165";"Sem vítima";"404,000";"BR-101/SC";"Crescente";"Colisão traseira";1;0;1;0;0;0;0;0;0;0;5;0;0;0;0
"01/08/2024";"04:34:50";"175";"Com vítima";"333,000";"BR-101/SC";"Crescente";"Capotamento";1;0;1;0;0;0;0;0;0;0;2;0;1;0;0
"02/08/2024";"06:54:02";"87";"Sem vítima";"344,000";"BR-101/SC";"Decrescente";"Colisão lateral no mesmo sentido";2;0;0;0;0;0;0;0;0;0;2;0;0;0;0
"02/08/2024";"06:29:00";"141";"Sem vítima";"406,000";"BR-101/SC";"Decrescente";"Saída de pista";1;0;0;0;0;0;0;0;0;0;1;0;0;0;0
"03/08/2024";"06:46:12";"55";"Sem vítima";"328,500";"BR-101/SC";"Crescente";"Colisão traseira";2;0;0;0;0;0;0;0;0;0;2;0;0;0;0
"03/08/2024";"06:47:41";"56";"Sem vítima";"336,500";"BR-101/SC";"Crescente";"Colisão traseira";1;0;1;0;0;0;0;0;0;0;5;0;0;0;0
"03/08/2024";"06:32:00";"101";"Com vítima";"439,000";"BR-101/SC";"Crescente";"Queda de moto";0;0;0;1;0;0;0;0;0;0;1;1;0;0;0
"03/08/2024";"10:14:25";"5";"Sem vítima";"365,000";"BR-101/SC";"Crescente";"Saída de pista";1;0;0;0;0;0;0;0;0;0;2;0;0;0;0
"04/08/2024";"01:37:24";"18";"Sem vítima";"406,000";"BR-101/SC";"Decrescente";"Colisão frontal";2;0;0;0;0;0;0;0;0;0;4;0;0;0;0
"04/08/2024";"11:33:54";"65";"Sem vítima";"324,000";"BR-101/SC";"Decrescente";"Colisão lateral no mesmo sentido";1;0;1;0;0;0;0;0;0;0;5;0;0;0;0
"04/08/2024";"01:44:00";"73";"Com vítima";"364,600";"BR-101/SC";"Decrescente";"Capotamento";1;0;0;0;0;0;0;0;0;0;1;2;0;0;0
"04/08/2024";"02:00:00";"75";"Sem vítima";"441,000";"BR-101/SC";"Decrescente";"Colisão lateral no mesmo sentido";3;0;0;0;0;0;0;0;0;0;10;0;0;0;0
"04/08/2024";"10:44:22";"6";"Sem vítima";"308,000";"BR-101/SC";"Decrescente";"Saída de pista";1;0;0;0;0;0;0;0;0;0;2;0;0;0;0
"05/08/2024";"07:48:28";"79";"Sem vítima";"395,000";"BR-101/SC";"Crescente";"Colisão traseira";0;0;2;0;0;0;0;0;0;0;2;0;0;0;0
"05/08/2024";"04:42:05";"133";"Com vítima";"317,000";"BR-101/SC";"Crescente";"Queda de moto";0;0;0;1;0;0;0;0;0;0;0;0;1;0;0
"05/08/2024";"07:31:40";"152";"Sem vítima";"374,250";"BR-101/SC";"Crescente";"Saída de pista";1;0;0;0;0;0;0;0;0;0;2;0;0;0;0
"06/08/2024";"11:26:04";"127";"Sem vítima";"405,000";"BR-101/SC";"Decrescente";"Colisão traseira";2;0;0;0;0;0;0;0;0;0;3;0;0;0;0
"06/08/2024";"04:37:40";"159";"Com vítima";"416,250";"BR-101/SC";"Decrescente";"Acidentes de outra natureza";1;0;0;0;0;0;0;0;0;0;2;0;0;0;1
"07/08/2024";"02:28:53";"14";"Sem vítima";"365,000";"BR-101/SC";"Decrescente";"Acidentes de outra natureza";1;0;0;0;0;0;0;0;0;0;1;0;0;0;0
"07/08/2024";"06:02:00";"61";"Sem vítima";"399,950";"BR-101/SC";"Decrescente";"Choque";1;0;0;0;0;0;0;0;0;0;1;0;0;0;0
"07/08/2024";"06:05:04";"63";"Sem vítima";"343,900";"BR-101/SC";"Crescente";"Saída de pista";1;0;0;0;0;0;0;0;0;0;1;0;0;0;0
"07/08/2024";"08:42:00";"99";"Sem vítima";"360,000";"BR-101/SC";"Crescente";"Choque";2;0;0;0;0;0;0;0;0;0;6;0;0;0;0
"07/08/2024";"03:39:16";"135";"Sem vítima";"435,000";"BR-101/SC";"Decrescente";"Colisão traseira";1;0;0;0;0;0;0;0;0;0;1;0;0;0;0
"07/08/2024";"07:33:25";"150";"Sem vítima";"414,000";"BR-101/SC";"Decrescente";"Saída de pista";1;0;0;0;0;0;0;0;0;0;1;0;0;0;0
"08/08/2024";"12:12:05";"11";"Sem vítima";"341,000";"BR-101/SC";"Decrescente";"Saída de pista";1;0;0;0;0;0;0;0;0;0;3;0;0;0;0
"08/08/2024";"04:26:00";"22";"Com vítima";"306,000";"BR-101/SC";"Decrescente";"Atropelamento de animal";0;0;0;1;0;0;0;0;0;0;0;1;0;0;0
"08/08/2024";"10:05:23";"84";"Sem vítima";"278,200";"BR-101/SC";"Crescente";"Saída de pista";1;0;0;0;0;0;0;0;0;0;1;0;0;0;0
"08/08/2024";"08:34:00";"134";"Sem vítima";"325,000";"BR-101/SC";"Decrescente";"Choque";1;0;0;0;0;0;0;0;0;0;1;0;0;0;0
"08/08/2024";"09:39:00";"5";"Sem vítima";"343,000";"BR-101/SC";"Crescente";"Colisão traseira";0;0;2;0;0;0;0;0;0;0;2;0;0;0;0
"09/08/2024";"12:07:56";"16";"Com vítima";"428,800";"BR-101/SC";"Crescente";"Colisão lateral no mesmo sentido";1;0;0;0;0;0;0;0;0;0;0;0;1;0;0
"09/08/2024";"12:56:11";"17";"Sem vítima";"269,000";"BR-101/SC";"Decrescente";"Atropelamento de animal";1;0;0;0;0;0;0;0;0;0;1;0;0;0;0
"09/08/2024";"03:04:00";"25";"Sem vítima";"296,000";"BR-101/SC";"Decrescente";"Atropelamento de animal";1;0;2;0;0;0;0;0;0;0;8;0;0;0;0
"09/08/2024";"03:12:41";"26";"Sem vítima";"365,000";"BR-101/SC";"Decrescente";"Saída de pista";0;0;1;0;0;0;0;0;0;0;1;0;0;0;0
"09/08/2024";"07:11:35";"100";"Sem vítima";"333,000";"BR-101/SC";"Crescente";"Colisão lateral no mesmo sentido";2;0;0;0;0;0;0;0;0;0;3;0;0;0;0
"09/08/2024";"12:02:00";"139";"Sem vítima";"290,000";"BR-101/SC";"Decrescente";"Engavetamento";2;0;0;0;0;0;0;0;0;0;4;0;0;0;0
"09/08/2024";"01:16:55";"153";"Sem vítima";"439,000";"BR-101/SC";"Decrescente";"Colisão traseira";2;0;0;0;0;0;0;0;0;0;3;0;0;0;0
"09/08/2024";"01:18:00";"155";"Sem vítima";"391,000";"BR-101/SC";"Decrescente";"Engavetamento";1;0;3;0;0;0;0;0;0;0;6;0;0;0;0
"09/08/2024";"05:07:08";"175";"Sem vítima";"420,200";"BR-101/SC";"Crescente";"Colisão lateral no mesmo sentido";1;0;1;0;0;0;0;0;0;0;2;0;0;0;0
"09/08/2024";"07:42:56";"189";"Sem vítima";"423,200";"BR-101/SC";"Crescente";"Saída de pista";1;0;0;0;0;0;0;0;0;0;0;0;0;0;0
"09/08/2024";"11:55:13";"13";"Sem vítima";"281,000";"BR-101/SC";"Decrescente";"Colisão lateral no mesmo sentido";1;0;1;0;0;0;0;0;0;0;2;0;0;0;0
"10/08/2024";"02:27:07";"19";"Sem vítima";"276,100";"BR-101/SC";"Decrescente";"Choque";1;0;0;0;0;0;0;0;0;0;1;0;0;0;0
"10/08/2024";"01:52:28";"102";"Com vítima";"368,200";"BR-101/SC";"Decrescente";"Tombamento";0;0;1;0;0;0;0;0;0;0;0;1;0;0;0
"10/08/2024";"07:27:22";"121";"Sem vítima";"395,000";"BR-101/SC";"Decrescente";"Atropelamento de animal";1;0;0;0;0;0;0;0;0;0;3;0;0;0;0
"10/08/2024";"09:16:46";"3";"Sem vítima";"423,600";"BR-101/SC";"Crescente";"Capotamento";1;0;0;0;0;0;0;0;0;0;1;0;0;0;0
"10/08/2024";"11:43:00";"14";"Sem vítima";"406,050";"BR-101/SC";"Decrescente";"Acidentes de outra natureza";1;0;0;0;0;0;0;0;0;0;1;0;0;0;0
"11/08/2024";"10:48:38";"62";"Com vítima";"422,000";"BR-101/SC";"Decrescente";"Colisão frontal";2;0;0;0;0;0;0;0;0;0;1;3;0;0;0
"11/08/2024";"11:02:00";"64";"Sem vítima";"357,000";"BR-101/SC";"Decrescente";"Colisão lateral no mesmo sentido";1;0;0;0;0;0;0;0;0;0;1;0;0;0;0
"11/08/2024";"02:24:16";"89";"Sem vítima";"266,000";"BR-101/SC";"Decrescente";"Colisão traseira";0;0;2;0;0;0;0;0;0;0;2;0;0;0;0
"11/08/2024";"03:55:02";"100";"Sem vítima";"365,000";"BR-101/SC";"Decrescente";"Colisão traseira";1;0;0;0;0;0;0;0;0;0;4;0;0;0;0
"11/08/2024";"05:22:32";"105";"Sem vítima";"367,400";"BR-101/SC";"Decrescente";"Colisão lateral no mesmo sentido";1;0;1;0;0;0;0;0;0;0;2;0;0;0;0
"12/08/2024";"12:26:45";"14";"Sem vítima";"267,600";"BR-101/SC";"Decrescente";"Choque";1;0;0;0;0;0;0;0;0;0;1;0;0;0;0
"12/08/2024";"04:08:00";"28";"Com vítima";"379,500";"BR-101/SC";"Decrescente";"Colisão traseira";2;0;0;0;0;0;0;0;0;0;1;2;0;0;0
"12/08/2024";"05:06:03";"44";"Sem vítima";"334,000";"BR-101/SC";"Crescente";"Colisão traseira";2;0;0;0;0;0;0;0;0;0;3;0;0;0;0
"12/08/2024";"07:04:31";"67";"Sem vítima";"332,900";"BR-101/SC";"Decrescente";"Colisão traseira";1;0;0;1;0;0;0;0;0;0;2;0;0;0;0
"12/08/2024";"09:20:10";"80";"Com vítima";"365,000";"BR-101/SC";"Decrescente";"Engavetamento";3;0;0;0;0;0;0;0;0;0;3;1;0;0;0
"12/08/2024";"10:40:19";"88";"Sem vítima";"335,100";"BR-101/SC";"Decrescente";"Engavetamento";3;0;1;0;0;0;0;0;0;0;6;0;0;0;0
"12/08/2024";"11:35:13";"94";"Sem vítima";"414,900";"BR-101/SC";"Decrescente";"Colisão traseira";1;0;0;0;0;0;0;0;0;0;2;0;0;0;0
"12/08/2024";"03:45:26";"112";"Sem vítima";"338,000";"BR-101/SC";"Decrescente";"Colisão lateral no mesmo sentido";2;0;0;0;0;0;0;0;0;0;2;0;0;0;0
"13/08/2024";"12:11:00";"108";"Sem vítima";"382,000";"BR-101/SC";"Decrescente";"Colisão traseira";1;0;0;0;1;0;0;0;0;0;40;0;0;0;0
"13/08/2024";"04:15:32";"126";"Com vítima";"434,000";"BR-101/SC";"Crescente";"Colisão traseira";1;0;1;0;0;0;0;0;0;0;1;0;1;0;0
"14/08/2024";"09:01:26";"98";"Sem vítima";"281,000";"BR-101/SC";"Decrescente";"Colisão lateral no mesmo sentido";1;0;1;0;0;0;0;0;0;0;3;0;0;0;0
"14/08/2024";"11:52:58";"119";"Sem vítima";"289,000";"BR-101/SC";"Crescente";"Colisão traseira";2;0;0;0;0;0;0;0;0;0;4;0;0;0;0
"14/08/2024";"05:15:34";"163";"Com vítima";"446,300";"BR-101/SC";"Crescente";"Colisão frontal";2;0;0;0;0;0;0;0;0;0;0;2;0;0;0
"14/08/2024";"07:00:11";"172";"Sem vítima";"437,500";"BR-101/SC";"Decrescente";"Colisão traseira";1;0;0;0;0;0;0;0;0;0;2;0;0;0;0
"15/08/2024";"11:03:15";"97";"Com vítima";"282,000";"BR-101/SC";"Decrescente";"Colisão frontal";1;0;0;1;0;0;0;0;0;0;2;1;0;0;0
"16/08/2024";"02:43:19";"10";"Sem vítima";"448,000";"BR-101/SC";"Crescente";"Saída de pista";1;0;0;0;0;0;0;0;0;0;1;0;0;0;0
"16/08/2024";"05:32:21";"59";"Com vítima";"331,540";"BR-101/SC";"Decrescente";"Colisão traseira";1;0;0;1;0;0;0;0;0;0;1;1;0;0;0
"16/08/2024";"06:13:14";"72";"Sem vítima";"458,000";"BR-101/SC";"Crescente";"Engavetamento";0;0;3;0;0;0;0;0;0;0;3;0;0;0;0
"16/08/2024";"08:19:21";"91";"Sem vítima";"458,000";"BR-101/SC";"Crescente";"Colisão traseira";2;0;0;0;0;0;0;0;0;0;4;0;0;0;0
"16/08/2024";"01:07:00";"126";"Sem vítima";"367,200";"BR-101/SC";"Decrescente";"Engavetamento";3;0;0;0;0;0;0;0;0;0;6;0;0;0;0
"16/08/2024";"02:14:00";"130";"Com vítima";"383,700";"BR-101/SC";"Decrescente";"Queda de moto";0;0;0;1;0;0;0;0;0;0;0;2;0;0;0
"16/08/2024";"02:47:37";"135";"Com vítima";"282,200";"BR-101/SC";"Crescente";"Colisão transversal";1;0;0;1;0;0;0;0;0;0;1;0;1;0;0
"16/08/2024";"04:06:19";"146";"Sem vítima";"395,000";"BR-101/SC";"Crescente";"Queda de moto";1;0;0;1;0;0;0;0;0;0;3;0;0;0;0
"16/08/2024";"04:21:02";"147";"Com vítima";"327,000";"BR-101/SC";"Crescente";"Colisão transversal";1;0;0;1;0;0;0;0;0;0;1;1;0;0;0
"17/08/2024";"05:21:00";"40";"Com vítima";"365,000";"BR-101/SC";"Crescente";"Saída de pista";1;0;0;0;0;0;0;0;0;0;0;1;0;0;0
"17/08/2024";"04:51:59";"89";"Sem vítima";"365,000";"BR-101/SC";"Decrescente";"Tombamento";1;0;0;0;0;0;0;0;0;0;1;0;0;0;0
"17/08/2024";"09:18:00";"3";"Sem vítima";"357,000";"BR-101/SC";"Decrescente";"Saída de pista";1;0;0;0;0;0;0;0;0;0;1;0;0;0;0
"17/08/2024";"10:06:17";"4";"Sem vítima";"433,000";"BR-101/SC";"Decrescente";"Colisão lateral no mesmo sentido";2;0;0;0;0;0;0;0;0;0;2;0;0;0;0
"18/08/2024";"12:45:12";"11";"Com vítima";"294,000";"BR-101/SC";"Crescente";"Acidentes de outra natureza";1;0;0;0;0;0;0;0;0;0;5;0;0;0;1
"18/08/2024";"09:44:33";"48";"Com vítima";"277,000";"BR-101/SC";"Decrescente";"Queda de moto";0;0;0;1;0;0;0;0;0;0;0;1;0;1;0
"18/08/2024";"12:48:52";"58";"Sem vítima";"364,000";"BR-101/SC";"Decrescente";"Saída de pista";1;0;0;0;0;0;0;0;0;0;1;0;0;0;0
"18/08/2024";"02:38:19";"73";"Sem vítima";"344,000";"BR-101/SC";"Decrescente";"Colisão traseira";2;0;0;0;0;0;0;0;0;0;6;0;0;0;0
"18/08/2024";"04:59:24";"88";"Sem vítima";"401,000";"BR-101/SC";"Decrescente";"Acidentes de outra natureza";1;0;0;0;0;0;0;0;0;0;2;0;0;0;0
"18/08/2024";"09:57:40";"6";"Sem vítima";"331,000";"BR-101/SC";"Crescente";"Choque";1;0;0;0;0;0;0;0;0;0;1;0;0;0;0
"18/08/2024";"10:00:52";"7";"Sem vítima";"427,000";"BR-101/SC";"Crescente";"Choque";0;0;1;0;0;0;0;0;0;0;1;0;0;0;0
"19/08/2024";"01:18:22";"11";"Sem vítima";"285,000";"BR-101/SC";"Decrescente";"Saída de pista";1;0;0;0;0;0;0;0;0;0;2;0;0;0;0
"19/08/2024";"09:56:00";"105";"Com vítima";"430,000";"BR-101/SC";"Decrescente";"Colisão traseira";1;0;1;0;0;0;0;0;0;0;1;0;1;0;0
"19/08/2024";"04:48:34";"158";"Com vítima";"416,300";"BR-101/SC";"Crescente";"Queda de moto";0;0;0;1;0;0;0;0;0;0;0;1;1;0;0
"19/08/2024";"07:39:01";"171";"Sem vítima";"357,800";"BR-101/SC";"Crescente";"Colisão lateral no mesmo sentido";1;0;1;0;0;0;0;0;0;0;5;0;0;0;0
"19/08/2024";"11:31:47";"7";"Sem vítima";"367,000";"BR-101/SC";"Decrescente";"Colisão traseira";0;0;2;0;0;0;0;0;0;0;2;0;0;0;0
"20/08/2024";"08:20:03";"93";"Sem vítima";"388,000";"BR-101/SC";"Crescente";"Choque";1;0;0;0;0;0;0;0;0;0;1;0;0;0;0
"20/08/2024";"12:09:34";"116";"Sem vítima";"328,000";"BR-101/SC";"Crescente";"Colisão traseira";2;0;0;0;0;0;0;0;0;0;2;0;0;0;0
"20/08/2024";"04:02:17";"132";"Sem vítima";"356,400";"BR-101/SC";"Crescente";"Saída de pista";1;0;0;0;0;0;0;0;0;0;2;0;0;0;0
"20/08/2024";"05:18:15";"143";"Sem vítima";"298,000";"BR-101/SC";"Crescente";"Colisão traseira";0;0;2;0;0;0;0;0;0;0;2;0;0;0;0
"20/08/2024";"06:50:00";"151";"Sem vítima";"444,000";"BR-101/SC";"Decrescente";"Capotamento";1;0;0;0;0;0;0;0;0;0;1;0;0;0;0
"20/08/2024";"07:33:27";"154";"Sem vítima";"330,200";"BR-101/SC";"Crescente";"Colisão lateral no mesmo sentido";1;0;1;0;0;0;0;0;0;0;2;0;0;0;0
"20/08/2024";"10:35:51";"8";"Sem vítima";"400,800";"BR-101/SC";"Decrescente";"Capotamento";1;0;0;0;0;0;0;0;0;0;1;0;0;0;0
"21/08/2024";"08:33:50";"86";"Sem vítima";"382,200";"BR-101/SC";"Decrescente";"Saída de pista";0;0;1;0;0;0;0;0;0;0;1;0;0;0;0
"22/08/2024";"07:08:34";"75";"Sem vítima";"381,900";"BR-101/SC";"Decrescente";"Colisão traseira";2;0;0;0;0;0;0;0;0;0;2;0;0;0;0