data;horario;n_da_ocorrencia;tipo_de_ocorrencia;km;trecho;sentido;tipo_de_acidente;automovel;bicicleta;caminhao;moto;onibus;outros;tracao_animal;transporte_de_cargas_especiais;trator_maquinas;utilitarios;ilesos;levemente_feridos;moderadamente_feridos;gravemente_feridos;mortos
"15/10/2024";"07:33:20";"100";"Com vítima";"308,000";"BR-101/SC";"Crescente";"Engavetamento";4;0;0;0;0;0;0;0;0;0;8;0;1;0;0
"15/10/2024";"04:02:54";"150";"Com vítima";"432,500";"BR-101/SC";"Crescente";"Colisão traseira";2;0;0;0;0;0;0;0;0;0;1;1;0;0;0
"15/10/2024";"04:45:22";"157";"Sem vítima";"357,000";"BR-101/SC";"Decrescente";"Choque";1;0;0;0;0;0;0;0;0;0;1;0;0;0;0
"15/10/2024";"07:25:38";"166";"Com vítima";"280,000";"BR-101/SC";"Crescente";"Colisão transversal";1;0;0;1;0;0;0;0;0;0;1;1;0;0;0
"15/10/2024";"09:11:44";"4";"Sem vítima";"387,000";"BR-101/SC";"Decrescente";"Acidentes de outra natureza";1;0;0;0;0;0;0;0;0;0;1;0;0;0;0
"16/10/2024";"08:25:19";"111";"Sem vítima";"323,000";"BR-101/SC";"Crescente";"Colisão traseira";1;0;1;0;0;0;0;0;0;0;2;0;0;0;0
"16/10/2024";"03:35:40";"147";"Sem vítima";"381,000";"BR-101/SC";"Crescente";"Colisão traseira";2;0;1;0;0;0;0;0;0;0;2;0;0;0;0
"17/10/2024";"01:34:47";"17";"Sem vítima";"453,000";"BR-101/SC";"Crescente";"Colisão traseira";0;0;2;0;0;0;0;0;0;0;2;0;0;0;0
"17/10/2024";"08:26:40";"93";"Sem vítima";"333,000";"BR-101/SC";"Crescente";"Colisão traseira";0;0;2;0;0;0;0;0;0;0;2;0;0;0;0
"17/10/2024";"12:13:40";"110";"Com vítima";"341,000";"BR-101/SC";"Crescente";"Queda de moto";0;0;0;1;0;0;0;0;0;0;0;0;1;0;0
"17/10/2024";"03:18:25";"121";"Com vítima";"290,900";"BR-101/SC";"Crescente";"Queda de moto";0;0;0;1;0;0;0;0;0;0;0;1;1;0;0
"17/10/2024";"05:01:57";"127";"Com vítima";"368,000";"BR-101/SC";"Decrescente";"Capotamento";1;0;0;0;0;0;0;0;0;0;2;0;0;1;0
"17/10/2024";"09:17:13";"1";"Com vítima";"320,000";"BR-101/SC";"Decrescente";"Queda de moto";0;0;0;1;0;0;0;0;0;0;0;0;2;0;0
"18/10/2024";"12:17:12";"124";"Com vítima";"384,000";"BR-101/SC";"Decrescente";"Saída de pista";0;0;1;0;0;0;0;0;0;0;0;1;0;0;0
"18/10/2024";"01:48:16";"135";"Sem vítima";"444,000";"BR-101/SC";"Decrescente";"Colisão traseira";2;0;0;0;0;0;0;0;0;0;2;0;0;0;0
"18/10/2024";"05:05:40";"154";"Com vítima";"367,000";"BR-101/SC";"Crescente";"Colisão traseira";0;0;2;0;0;0;0;0;0;0;1;1;0;0;0
"18/10/2024";"10:08:40";"7";"Sem vítima";"405,000";"BR-101/SC";"Decrescente";"Colisão traseira";2;0;0;0;0;0;0;0;0;0;5;0;0;0;0
"18/10/2024";"11:13:57";"12";"Com vítima";"435,000";"BR-101/SC";"Crescente";"Capotamento";2;0;0;0;0;0;0;0;0;0;1;0;1;0;0
"18/10/2024";"11:48:20";"13";"Sem vítima";"367,000";"BR-101/SC";"Crescente";"Saída de pista";1;0;0;0;0;0;0;0;0;0;4;0;0;0;0
"19/10/2024";"01:13:32";"16";"Sem vítima";"393,000";"BR-101/SC";"Crescente";"Saída de pista";1;0;0;0;0;0;0;0;0;0;2;0;0;0;0
"19/10/2024";"11:03:05";"78";"Sem vítima";"368,000";"BR-101/SC";"Crescente";"Choque";1;0;0;0;0;0;0;0;0;0;1;0;0;0;0
"19/10/2024";"03:08:26";"104";"Sem vítima";"451,000";"BR-101/SC";"Decrescente";"Choque";1;0;0;0;0;0;0;0;0;0;1;0;0;0;0
"19/10/2024";"04:20:01";"107";"Sem vítima";"448,000";"BR-101/SC";"Crescente";"Saída de pista";1;0;0;0;0;0;0;0;0;0;2;0;0;0;0
"20/10/2024";"12:03:47";"10";"Sem vítima";"388,000";"BR-101/SC";"Decrescente";"Saída de pista";1;0;0;0;0;0;0;0;0;0;3;0;0;0;0
"20/10/2024";"12:53:20";"11";"Com vítima";"316,000";"BR-101/SC";"Decrescente";"Choque";1;0;0;1;0;0;0;0;0;0;1;2;0;0;1
"20/10/2024";"02:48:51";"14";"Sem vítima";"355,000";"BR-101/SC";"Crescente";"Choque";1;0;0;0;0;0;0;0;0;0;3;0;0;0;0
"20/10/2024";"12:14:50";"80";"Sem vítima";"331,000";"BR-101/SC";"Crescente";"Colisão lateral no mesmo sentido";2;0;0;0;0;0;0;0;0;0;4;0;0;0;0
"20/10/2024";"12:27:28";"82";"Com vítima";"458,000";"BR-101/SC";"Decrescente";"Colisão traseira";1;0;0;1;0;0;0;0;0;0;5;0;1;0;0
"20/10/2024";"05:53:48";"114";"Com vítima";"273,500";"BR-101/SC";"Crescente";"Acidentes de outra natureza";1;0;0;0;0;0;0;0;0;0;4;0;0;0;1
"20/10/2024";"10:03:51";"1";"Sem vítima";"300,000";"BR-101/SC";"Decrescente";"Choque";1;0;0;0;0;0;0;0;0;0;3;0;0;0;0
"21/10/2024";"03:17:57";"11";"Sem vítima";"349,000";"BR-101/SC";"Decrescente";"Capotamento";1;0;0;0;0;0;0;0;0;0;1;0;0;0;0
"21/10/2024";"04:51:45";"39";"Sem vítima";"256,000";"BR-101/SC";"Decrescente";"Saída de pista";1;0;0;0;0;0;0;0;0;0;2;0;0;0;0
"22/10/2024";"02:19:45";"14";"Sem vítima";"310,000";"BR-101/SC";"Crescente";"Colisão traseira";1;0;2;0;0;0;0;0;0;0;5;0;0;0;0
"22/10/2024";"02:47:13";"16";"Sem vítima";"390,000";"BR-101/SC";"Decrescente";"Queda de carga";0;0;1;0;0;0;0;0;0;0;1;0;0;0;0
"22/10/2024";"03:44:33";"28";"Sem vítima";"351,000";"BR-101/SC";"Decrescente";"Colisão traseira";2;0;0;0;0;0;0;0;0;0;12;0;0;0;0
"22/10/2024";"09:41:03";"89";"Com vítima";"329,000";"BR-101/SC";"Crescente";"Colisão traseira";2;0;0;0;0;0;0;0;0;0;2;1;0;0;0
"22/10/2024";"11:28:43";"6";"Sem vítima";"350,000";"BR-101/SC";"Crescente";"Colisão traseira";2;0;0;0;0;0;0;0;0;0;5;0;0;0;0
"23/10/2024";"06:42:37";"76";"Com vítima";"338,000";"BR-101/SC";"Decrescente";"Saída de pista";0;0;0;1;0;0;0;0;0;0;0;0;1;0;0
"23/10/2024";"07:51:56";"96";"Sem vítima";"405,000";"BR-101/SC";"Decrescente";"Colisão traseira";1;0;1;0;0;0;0;0;0;0;4;0;0;0;0
"23/10/2024";"07:57:19";"98";"Com vítima";"374,000";"BR-101/SC";"Crescente";"Saída de pista";1;0;0;0;0;0;0;0;0;0;0;2;0;0;0
"23/10/2024";"02:52:55";"146";"Sem vítima";"445,000";"BR-101/SC";"Crescente";"Choque";1;0;0;0;0;0;0;0;0;0;1;0;0;0;0
"23/10/2024";"09:08:09";"1";"Com vítima";"419,000";"BR-101/SC";"Decrescente";"Atropelamento de pedestre";1;0;0;0;0;0;0;0;0;0;1;0;0;0;1
"24/10/2024";"08:14:27";"81";"Com vítima";"330,000";"BR-101/SC";"Crescente";"Colisão traseira";1;0;1;0;0;0;0;0;0;0;1;1;0;0;0
"24/10/2024";"05:58:06";"154";"Com vítima";"417,600";"BR-101/SC";"Decrescente";"Choque";0;0;0;0;0;0;0;0;0;0;0;0;0;0;1
"24/10/2024";"10:19:53";"8";"Sem vítima";"374,000";"BR-101/SC";"Crescente";"Saída de pista";0;0;1;0;0;0;0;0;0;0;1;0;0;0;0
"25/10/2024";"10:48:21";"106";"Com vítima";"275,500";"BR-101/SC";"Crescente";"Choque";1;0;0;0;0;0;0;0;0;0;0;0;1;0;0
"25/10/2024";"11:59:03";"109";"Sem vítima";"355,000";"BR-101/SC";"Decrescente";"Saída de pista";1;0;0;0;0;0;0;0;0;0;2;0;0;0;0
"25/10/2024";"12:40:33";"111";"Sem vítima";"251,000";"BR-101/SC";"Decrescente";"Colisão traseira";2;0;0;0;0;0;0;0;0;0;6;0;0;0;0
"25/10/2024";"08:37:06";"149";"Com vítima";"350,000";"BR-101/SC";"Decrescente";"Saída de pista";1;0;0;0;0;0;0;0;0;0;0;1;0;0;0
"26/10/2024";"01:03:44";"15";"Sem vítima";"353,000";"BR-101/SC";"Decrescente";"Saída de pista";1;0;0;0;0;0;0;0;0;0;1;0;0;0;0
"26/10/2024";"02:47:59";"19";"Com vítima";"369,300";"BR-101/SC";"Decrescente";"Saída de pista";0;0;1;0;0;0;0;0;0;0;0;0;1;0;0
"26/10/2024";"10:50:54";"91";"Com vítima";"337,000";"BR-101/SC";"Decrescente";"Colisão lateral no mesmo sentido";0;0;0;1;0;0;0;0;0;0;0;1;0;0;0
"26/10/2024";"07:59:41";"134";"Sem vítima";"325,000";"BR-101/SC";"Crescente";"Acidentes de outra natureza";1;0;0;0;0;0;0;0;0;0;2;0;0;0;0
"26/10/2024";"10:35:50";"4";"Com vítima";"328,000";"BR-101/SC";"Decrescente";"Saída de pista";1;0;0;0;0;0;0;0;0;0;0;1;2;0;0
"27/10/2024";"12:18:18";"54";"Sem vítima";"464,000";"BR-101/SC";"Decrescente";"Choque";0;0;1;0;0;0;0;0;0;0;1;0;0;0;0
"27/10/2024";"01:16:48";"60";"Sem vítima";"433,000";"BR-101/SC";"Crescente";"Colisão traseira";1;0;0;1;0;0;0;0;0;0;3;0;0;0;0
"27/10/2024";"04:11:49";"74";"Com vítima";"404,000";"BR-101/SC";"Crescente";"Colisão traseira";2;0;0;0;0;0;0;0;0;0;7;1;0;0;0
"27/10/2024";"06:12:22";"82";"Com vítima";"420,000";"BR-101/SC";"Decrescente";"Colisão frontal";2;0;0;0;0;0;0;0;0;0;1;3;1;0;0
"27/10/2024";"07:50:16";"92";"Sem vítima";"272,000";"BR-101/SC";"Decrescente";"Colisão lateral no mesmo sentido";1;0;1;0;0;0;0;0;0;0;2;0;0;0;0
"28/10/2024";"12:28:13";"124";"Com vítima";"381,000";"BR-101/SC";"Decrescente";"Saída de pista";1;0;0;0;0;0;0;0;0;0;0;1;0;0;0
"28/10/2024";"03:21:56";"138";"Sem vítima";"346,000";"BR-101/SC";"Decrescente";"Colisão traseira";1;0;1;0;0;0;0;0;0;0;3;0;0;0;0
"29/10/2024";"11:49:32";"141";"Com vítima";"420,000";"BR-101/SC";"Crescente";"Colisão lateral no mesmo sentido";2;0;1;0;0;0;0;0;0;0;5;1;0;0;0
"29/10/2024";"12:14:31";"146";"Sem vítima";"316,000";"BR-101/SC";"Crescente";"Colisão lateral no mesmo sentido";1;0;0;0;0;0;0;0;0;0;1;0;0;0;0
"29/10/2024";"12:24:10";"149";"Sem vítima";"344,000";"BR-101/SC";"Crescente";"Engavetamento";2;0;1;0;0;0;0;0;0;0;3;0;0;0;0
"29/10/2024";"12:48:47";"150";"Com vítima";"331,000";"BR-101/SC";"Decrescente";"Choque";1;0;0;0;0;0;0;0;0;0;0;1;1;0;0
"30/10/2024";"01:53:23";"7";"Sem vítima";"282,000";"BR-101/SC";"Decrescente";"Colisão traseira";1;0;0;0;0;0;0;0;0;0;1;0;0;0;0
"30/10/2024";"05:55:48";"62";"Sem vítima";"334,080";"BR-101/SC";"Decrescente";"Colisão lateral no mesmo sentido";0;0;0;1;0;0;0;0;0;0;1;0;0;0;0
"30/10/2024";"07:46:51";"77";"Sem vítima";"289,000";"BR-101/SC";"Crescente";"Saída de pista";1;0;0;0;0;0;0;0;0;0;1;0;0;0;0
"30/10/2024";"05:26:10";"114";"Sem vítima";"272,000";"BR-101/SC";"Crescente";"Tombamento";0;0;1;0;0;0;0;0;0;0;1;0;0;0;0
"31/10/2024";"08:23:24";"87";"Com vítima";"443,000";"BR-101/SC";"Crescente";"Colisão traseira";2;0;0;0;0;0;0;0;0;0;2;1;0;0;0
"31/10/2024";"02:24:43";"134";"Com vítima";"277,000";"BR-101/SC";"Crescente";"Queda de moto";0;0;0;1;0;0;0;0;0;0;0;0;1;0;0
"31/10/2024";"02:27:28";"135";"Sem vítima";"313,000";"BR-101/SC";"Crescente";"Colisão traseira";1;0;1;0;0;0;0;0;0;0;2;0;0;0;0
"31/10/2024";"10:56:25";"9";"Com vítima";"372,000";"BR-101/SC";"Decrescente";"Capotamento";1;0;0;0;0;0;0;0;0;0;0;1;3;0;0
"31/10/2024";"11:18:07";"13";"Sem vítima";"407,000";"BR-101/SC";"Decrescente";"Choque";1;0;0;0;0;0;0;0;0;0;1;0;0;0;0
"01/11/2024";"12:23:18";"16";"Sem vítima";"346,600";"BR-101/SC";"Decrescente";"Saída de pista";1;0;0;0;0;0;0;0;0;0;1;0;0;0;0
"01/11/2024";"04:29:32";"192";"Com vítima";"443,000";"BR-101/SC";"Decrescente";"Choque";1;1;0;0;0;0;0;0;0;0;2;0;0;0;0
"01/11/2024";"04:31:18";"193";"Sem vítima";"342,000";"BR-101/SC";"Decrescente";"Choque";0;0;0;0;1;0;0;0;0;0;5;0;0;0;0
"01/11/2024";"07:44:01";"218";"Sem vítima";"443,000";"BR-101/SC";"Crescente";"Saída de pista";1;0;0;0;0;0;0;0;0;0;1;0;0;0;0
"02/11/2024";"01:14:46";"96";"Sem vítima";"375,000";"BR-101/SC";"Crescente";"Saída de pista";1;0;0;0;0;0;0;0;0;0;1;0;0;0;0
"02/11/2024";"08:07:29";"150";"Sem vítima";"350,000";"BR-101/SC";"Crescente";"Choque";1;0;0;0;0;0;0;0;0;0;1;0;0;0;0
"02/11/2024";"08:53:57";"152";"Com vítima";"273,200";"BR-101/SC";"Crescente";"Saída de pista";1;0;0;0;0;0;0;0;0;0;0;0;2;0;0
"03/11/2024";"04:57:30";"90";"Sem vítima";"447,000";"BR-101/SC";"Crescente";"Colisão traseira";1;0;0;0;0;0;0;0;0;0;1;0;0;0;0
"03/11/2024";"06:54:26";"99";"Com vítima";"334,000";"BR-101/SC";"Decrescente";"Colisão lateral no mesmo sentido";1;0;0;1;0;0;0;0;0;0;2;1;0;0;0
"03/11/2024";"08:07:49";"104";"Sem vítima";"388,000";"BR-101/SC";"Crescente";"Choque";1;0;0;0;0;0;0;0;0;0;5;0;0;0;0
"03/11/2024";"10:32:33";"9";"Sem vítima";"430,000";"BR-101/SC";"Decrescente";"Colisão lateral no mesmo sentido";1;0;0;0;1;0;0;0;0;0;57;0;0;0;0
"04/11/2024";"02:10:56";"14";"Com vítima";"253,000";"BR-101/SC";"Decrescente";"Choque";2;0;0;0;0;0;0;0;0;0;0;1;1;1;0
"04/11/2024";"02:27:46";"15";"Sem vítima";"385,000";"BR-101/SC";"Crescente";"Capotamento";1;0;0;0;0;0;0;0;0;0;1;0;0;0;0
"04/11/2024";"05:25:58";"135";"Sem vítima";"441,000";"BR-101/SC";"Decrescente";"Saída de pista";0;0;0;1;0;0;0;0;0;0;1;0;0;0;0
"04/11/2024";"09:06:51";"1";"Sem vítima";"259,500";"BR-101/SC";"Decrescente";"Saída de pista";1;0;0;0;0;0;0;0;0;0;2;0;0;0;0
"05/11/2024";"11:40:26";"11";"Sem vítima";"382,600";"BR-101/SC";"Decrescente";"Saída de pista";1;0;0;0;0;0;0;0;0;0;1;0;0;0;0
"06/11/2024";"05:54:50";"80";"Sem vítima";"320,000";"BR-101/SC";"Decrescente";"Colisão lateral no mesmo sentido";1;0;1;0;0;0;0;0;0;0;3;0;0;0;0
"06/11/2024";"11:23:44";"121";"Com vítima";"420,000";"BR-101/SC";"Crescente";"Saída de pista";1;0;0;0;0;0;0;0;0;0;0;1;0;0;0
"06/11/2024";"03:42:28";"149";"Sem vítima";"334,000";"BR-101/SC";"Crescente";"Acidentes de outra natureza";1;0;0;0;0;0;0;0;0;0;1;0;0;0;0
"06/11/2024";"06:00:01";"158";"Sem vítima";"452,000";"BR-101/SC";"Decrescente";"Saída de pista";1;0;0;0;0;0;0;0;0;0;1;0;0;0;0
"07/11/2024";"02:48:19";"19";"Sem vítima";"366,000";"BR-101/SC";"Crescente";"Colisão lateral no mesmo sentido";0;0;1;0;0;0;0;0;0;0;1;0;0;0;0
"07/11/2024";"08:22:51";"90";"Sem vítima";"326,000";"BR-101/SC";"Decrescente";"Engavetamento";2;0;1;0;0;0;0;0;0;0;4;0;0;0;0
"07/11/2024";"08:53:19";"93";"Sem vítima";"336,000";"BR-101/SC";"Crescente";"Saída de pista";0;0;1;0;0;0;0;0;0;0;1;0;0;0;0
"07/11/2024";"11:24:48";"8";"Sem vítima";"328,000";"BR-101/SC";"Decrescente";"Choque";1;0;0;0;0;0;0;0;0;0;2;0;0;0;0
"08/11/2024";"04:29:30";"155";"Com vítima";"399,000";"BR-101/SC";"Decrescente";"Choque";0;0;0;1;0;0;0;0;0;0;0;0;1;0;0
"09/11/2024";"12:18:44";"8";"Com vítima";"412,000";"BR-101/SC";"Decrescente";"Capotamento";1;0;0;0;0;0;0;0;0;0;2;0;0;1;0
"09/11/2024";"02:11:28";"14";"Sem vítima";"359,000";"BR-101/SC";"Crescente";"Saída de pista";1;0;0;0;0;0;0;0;0;0;3;0;0;0;0
"09/11/2024";"02:29:35";"15";"Sem vítima";"311,000";"BR-101/SC";"Decrescente";"Capotamento";1;0;0;0;0;0;0;0;0;0;1;0;0;0;0
"09/11/2024";"04:12:13";"42";"Sem vítima";"261,000";"BR-101/SC";"Decrescente";"Saída de pista";1;0;0;0;0;0;0;0;0;0;1;0;0;0;0
"09/11/2024";"07:36:58";"78";"Sem vítima";"352,000";"BR-101/SC";"Decrescente";"Saída de pista";0;0;1;0;0;0;0;0;0;0;3;0;0;0;0
"09/11/2024";"02:07:44";"115";"Com vítima";"368,000";"BR-101/SC";"Decrescente";"Colisão lateral no mesmo sentido";1;0;0;1;0;0;0;0;0;0;3;1;0;0;0
"10/11/2024";"01:49:33";"31";"Sem vítima";"287,000";"BR-101/SC";"Crescente";"Choque";1;0;0;0;0;0;0;0;0;0;1;0;0;0;0
"10/11/2024";"11:20:21";"87";"Sem vítima";"282,200";"BR-101/SC";"Decrescente";"Colisão lateral no mesmo sentido";1;0;0;1;0;0;0;0;0;0;4;0;0;0;0
"10/11/2024";"05:24:58";"121";"Sem vítima";"404,000";"BR-101/SC";"Decrescente";"Saída de pista";1;0;0;0;0;0;0;0;0;0;3;0;0;0;0
"10/11/2024";"05:56:48";"124";"Sem vítima";"309,000";"BR-101/SC";"Decrescente";"Saída de pista";1;0;0;0;0;0;0;0;0;0;2;0;0;0;0
"10/11/2024";"06:39:11";"131";"Sem vítima";"270,000";"BR-101/SC";"Decrescente";"Saída de pista";1;0;0;0;0;0;0;0;0;0;1;0;0;0;0
"11/11/2024";"03:17:44";"41";"Com vítima";"421,000";"BR-101/SC";"Decrescente";"Choque";0;0;0;1;0;0;0;0;0;0;0;0;0;0;1
"11/11/2024";"04:18:30";"68";"Sem vítima";"403,000";"BR-101/SC";"Decrescente";"Colisão lateral no mesmo sentido";1;0;1;0;0;0;0;0;0;0;2;0;0;0;0
"11/11/2024";"12:34:30";"169";"Sem vítima";"452,000";"BR-101/SC";"Crescente";"Saída de pista";1;0;0;0;0;0;0;0;0;0;1;0;0;0;0
"11/11/2024";"04:35:44";"199";"Com vítima";"271,000";"BR-101/SC";"Crescente";"Choque";1;0;1;1;0;0;0;0;0;0;3;0;1;0;0
"11/11/2024";"07:49:41";"217";"Sem vítima";"424,800";"BR-101/SC";"Decrescente";"Colisão transversal";1;0;1;0;0;0;0;0;0;0;2;0;0;0;0
"12/11/2024";"05:13:26";"70";"Sem vítima";"275,000";"BR-101/SC";"Crescente";"Colisão lateral no mesmo sentido";2;0;0;0;0;0;0;0;0;0;3;0;0;0;0
"12/11/2024";"08:55:36";"101";"Sem vítima";"443,000";"BR-101/SC";"Decrescente";"Saída de pista";1;0;0;0;0;0;0;0;0;0;1;0;0;0;0
"12/11/2024";"11:33:04";"113";"Sem vítima";"334,000";"BR-101/SC";"Decrescente";"Colisão traseira";1;0;1;0;0;0;0;0;0;0;4;0;0;0;0
"12/11/2024";"03:48:57";"133";"Com vítima";"340,000";"BR-101/SC";"Crescente";"Colisão traseira";3;0;0;0;0;0;0;0;0;0;5;0;1;0;0
"12/11/2024";"03:54:32";"134";"Sem vítima";"370,000";"BR-101/SC";"Crescente";"Colisão lateral no mesmo sentido";1;0;0;0;0;0;0;0;0;0;1;0;0;0;0
"12/11/2024";"08:15:31";"147";"Com vítima";"332,000";"BR-101/SC";"Decrescente";"Colisão traseira";2;0;1;0;0;0;0;0;0;0;3;0;1;0;0
"13/11/2024";"07:50:08";"89";"Sem vítima";"380,000";"BR-101/SC";"Crescente";"Colisão traseira";1;0;2;0;0;0;0;0;0;0;4;0;0;0;0
"13/11/2024";"09:42:48";"101";"Com vítima";"349,000";"BR-101/SC";"Crescente";"Choque";1;0;0;0;0;0;0;0;0;0;0;2;0;0;0
"13/11/2024";"12:32:39";"123";"Sem vítima";"317,000";"BR-101/SC";"Crescente";"Colisão lateral no mesmo sentido";1;0;1;0;0;0;0;0;0;0;3;0;0;0;0
"13/11/2024";"02:02:27";"127";"Com vítima";"341,000";"BR-101/SC";"Crescente";"Queda de moto";0;0;0;1;0;0;0;0;0;0;0;2;0;0;0
"13/11/2024";"02:04:06";"128";"Sem vítima";"330,000";"BR-101/SC";"Decrescente";"Colisão traseira";2;0;0;0;0;0;0;0;0;0;4;0;0;0;0
"14/11/2024";"01:10:10";"9";"Sem vítima";"344,000";"BR-101/SC";"Decrescente";"Saída de pista";1;0;0;0;0;0;0;0;0;0;1;0;0;0;0
"14/11/2024";"03:53:01";"35";"Sem vítima";"282,000";"BR-101/SC";"Crescente";"Colisão lateral no mesmo sentido";2;0;0;0;0;0;0;0;0;0;2;0;0;0;0
"14/11/2024";"05:04:26";"54";"Com vítima";"331,540";"BR-101/SC";"Decrescente";"Colisão lateral no mesmo sentido";1;0;0;1;0;0;0;0;0;0;1;1;0;0;0
"14/11/2024";"09:43:26";"96";"Sem vítima";"330,000";"BR-101/SC";"Decrescente";"Engavetamento";3;0;0;0;0;0;0;0;0;0;6;0;0;0;0
"14/11/2024";"02:30:14";"133";"Sem vítima";"338,000";"BR-101/SC";"Decrescente";"Colisão traseira";2;0;0;0;0;0;0;0;0;0;7;0;0;0;0
"14/11/2024";"04:43:08";"144";"Sem vítima";"402,000";"BR-101/SC";"Decrescente";"Atropelamento de animal";1;0;0;0;0;0;0;0;0;0;3;0;0;0;0
"14/11/2024";"07:14:46";"159";"Sem vítima";"417,000";"BR-101/SC";"Crescente";"Choque";1;0;0;0;0;0;0;0;0;0;1;0;0;0;0
"15/11/2024";"12:31:12";"10";"Com vítima";"371,000";"BR-101/SC";"Crescente";"Saída de pista";1;0;0;0;0;0;0;0;0;0;1;3;0;0;0
"15/11/2024";"03:59:57";"26";"Com vítima";"375,500";"BR-101/SC";"Crescente";"Capotamento";1;0;0;0;0;0;0;0;0;0;1;2;0;0;0
"15/11/2024";"04:31:51";"36";"Sem vítima";"353,300";"BR-101/SC";"Crescente";"Colisão lateral no mesmo sentido";1;0;1;0;0;0;0;0;0;0;5;0;0;0;0
"15/11/2024";"06:00:22";"53";"Sem vítima";"354,000";"BR-101/SC";"Crescente";"Saída de pista";1;0;0;0;0;0;0;0;0;0;3;0;0;0;0
"15/11/2024";"06:20:38";"58";"Sem vítima";"344,000";"BR-101/SC";"Decrescente";"Colisão traseira";1;0;1;0;0;0;0;0;0;0;2;0;0;0;0
"15/11/2024";"07:12:21";"64";"Com vítima";"375,000";"BR-101/SC";"Decrescente";"Saída de pista";1;0;0;0;0;0;0;0;0;0;1;1;0;0;0
"15/11/2024";"08:54:17";"77";"Sem vítima";"362,000";"BR-101/SC";"Decrescente";"Engavetamento";3;0;0;0;0;0;0;0;0;0;7;0;0;0;0
"15/11/2024";"09:22:57";"81";"Sem vítima";"404,600";"BR-101/SC";"Decrescente";"Colisão lateral no mesmo sentido";1;0;1;0;0;0;0;0;0;0;3;0;0;0;0
"15/11/2024";"04:28:34";"116";"Sem vítima";"272,000";"BR-101/SC";"Decrescente";"Colisão traseira";2;0;0;0;0;0;0;0;0;0;4;0;0;0;0
"15/11/2024";"11:23:33";"6";"Sem vítima";"417,000";"BR-101/SC";"Crescente";"Saída de pista";1;0;0;0;0;0;0;0;0;0;2;0;0;0;0
"16/11/2024";"01:30:27";"8";"Sem vítima";"429,000";"BR-101/SC";"Crescente";"Saída de pista";1;0;0;0;0;0;0;0;0;0;1;0;0;0;0
"16/11/2024";"02:20:31";"11";"Com vítima";"283,000";"BR-101/SC";"Crescente";"Colisão traseira";1;0;0;0;0;0;0;0;0;0;1;0;1;0;0
"16/11/2024";"04:19:56";"25";"Com vítima";"389,180";"BR-101/SC";"Crescente";"Tombamento";1;0;0;0;0;0;0;0;0;0;0;1;0;0;0
"16/11/2024";"08:38:08";"39";"Sem vítima";"383,000";"BR-101/SC";"Decrescente";"Colisão lateral no mesmo sentido";1;0;1;0;0;0;0;0;0;0;2;0;0;0;0
"16/11/2024";"05:53:32";"72";"Sem vítima";"251,000";"BR-101/SC";"Decrescente";"Atropelamento de animal";1;0;0;0;0;0;0;0;0;0;1;0;0;0;0
"17/11/2024";"02:04:07";"10";"Sem vítima";"368,000";"BR-101/SC";"Crescente";"Saída de pista";1;0;0;0;0;0;0;0;0;0;2;0;0;0;0
"17/11/2024";"02:13:59";"12";"Sem vítima";"353,000";"BR-101/SC";"Crescente";"Saída de pista";1;0;0;0;0;0;0;0;0;0;1;0;0;0;0
"17/11/2024";"06:25:41";"26";"Sem vítima";"413,000";"BR-101/SC";"Decrescente";"Saída de pista";1;0;0;0;0;0;0;0;0;0;1;0;0;0;0
"17/11/2024";"08:22:55";"46";"Sem vítima";"335,000";"BR-101/SC";"Crescente";"Colisão traseira";2;0;0;0;0;0;0;0;0;0;2;0;0;0;0
"17/11/2024";"09:27:50";"52";"Sem vítima";"336,000";"BR-101/SC";"Crescente";"Colisão lateral no mesmo sentido";1;0;0;1;0;0;0;0;0;0;2;0;0;0;0
"17/11/2024";"01:27:34";"83";"Sem vítima";"313,000";"BR-101/SC";"Decrescente";"Engavetamento";3;0;0;0;0;0;0;0;0;0;6;0;0;0;0
"17/11/2024";"02:50:36";"90";"Sem vítima";"405,000";"BR-101/SC";"Decrescente";"Saída de pista";1;0;0;0;0;0;0;0;0;0;1;0;0;0;0
"17/11/2024";"03:43:20";"104";"Sem vítima";"282,000";"BR-101/SC";"Crescente";"Colisão traseira";1;0;0;0;0;0;0;0;0;0;2;0;0;0;0
"17/11/2024";"04:37:18";"112";"Sem vítima";"361,700";"BR-101/SC";"Decrescente";"Colisão traseira";1;0;0;0;0;0;0;0;0;0;1;0;0;0;0